Campaign,Ad Group,Ad type,Headline 1,Headline 2,Headline 3,Headline 4,Headline 5,Headline 6,Headline 7,Headline 8,Headline 9,Headline 10,Headline 11,Headline 12,Headline 13,Headline 14,Headline 15,Description 1,Description 2,Description 3,Description 4,Path 1,Path 2,Final URL
SA | Search | Permits & EIA,Environmental permit,Responsive search ad,استخراج التصريح البيئي,تجديد التصريح البيئي,تصاريح الإنشاء والتشغيل,ملف تصريح بيئي متكامل,متابعة ملاحظات الجهات,تصريح بيئي لمنشأتك,سيلورين للاستشارات البيئية,خبرة 4 سنوات في المملكة,نخدم جميع مناطق المملكة,اطلب عرض سعر الآن,الرياض وجدة والدمام,,,,,نجهز ملف التصريح البيئي لمنشأتك ونتابع ملاحظات الجهات المختصة حتى الاعتماد.,تصاريح إنشاء وتشغيل وتجديد وتعديل للمصانع والمشاريع ومحطات الوقود.,فريق فني يتابع مشروعك من الدراسة حتى اعتماد الجهات المختصة. اطلب عرض سعر.,نخدم المنشآت في الرياض وجدة والدمام وجميع مناطق المملكة. تواصل معنا اليوم.,تصريح-بيئي,السعودية,https://selorin.co/ar/services/environmental-permitting/
SA | Search | Permits & EIA,EIA,Responsive search ad,دراسة تقييم الأثر البيئي,دراسة أثر بيئي لمشروعك,دراسات خط الأساس البيئي,خطة الإدارة البيئية,دراسات جاهزة للاعتماد,سيلورين للاستشارات البيئية,خبرة 4 سنوات في المملكة,نخدم جميع مناطق المملكة,اطلب عرض سعر الآن,الرياض وجدة والدمام,,,,,,دراسات تقييم أثر بيئي مبنية على قياسات ميدانية وخطط إدارة بيئية قابلة للتنفيذ.,نخطط الدراسة ضمن جدول مشروعك لتجنب تأخير التصاريح وبدء الإنشاء.,فريق فني يتابع مشروعك من الدراسة حتى اعتماد الجهات المختصة. اطلب عرض سعر.,نخدم المنشآت في الرياض وجدة والدمام وجميع مناطق المملكة. تواصل معنا اليوم.,أثر-بيئي,دراسات,https://selorin.co/ar/services/environmental-impact-assessment/
SA | Search | Permits & EIA,Compliance & inspection,Responsive search ad,الامتثال البيئي للمنشآت,استعد للتفتيش البيئي,معالجة المخالفات البيئية,تدقيق بيئي قبل التفتيش,سجلات بيئية جاهزة,سيلورين للاستشارات البيئية,خبرة 4 سنوات في المملكة,نخدم جميع مناطق المملكة,اطلب عرض سعر الآن,الرياض وجدة والدمام,,,,,,تدقيق ما قبل التفتيش وخطط تصحيحية وسجلات منظمة تحمي منشأتك من المخالفات.,نتابع التزامات تصريحك البيئي والرصد والتقارير طوال تشغيل المنشأة.,فريق فني يتابع مشروعك من الدراسة حتى اعتماد الجهات المختصة. اطلب عرض سعر.,نخدم المنشآت في الرياض وجدة والدمام وجميع مناطق المملكة. تواصل معنا اليوم.,امتثال,تفتيش,https://selorin.co/ar/services/environmental-compliance/
SA | Search | Permits & EIA,Consultancy (generic),Responsive search ad,مكتب استشارات بيئية,استشارات بيئية متكاملة,شريك بيئي واحد لمشروعك,تصاريح ودراسات ورصد,استشارات بيئية بالرياض,سيلورين للاستشارات البيئية,خبرة 4 سنوات في المملكة,نخدم جميع مناطق المملكة,اطلب عرض سعر الآن,الرياض وجدة والدمام,,,,,,تصاريح بيئية ودراسات أثر بيئي ورصد بيئي وإدارة نفايات وطاقة شمسية تحت فريق واحد.,من تقييم الموقع إلى الامتثال المستمر: خدمات بيئية للمنشآت والمشاريع في المملكة.,فريق فني يتابع مشروعك من الدراسة حتى اعتماد الجهات المختصة. اطلب عرض سعر.,نخدم المنشآت في الرياض وجدة والدمام وجميع مناطق المملكة. تواصل معنا اليوم.,استشارات,بيئية,https://selorin.co/ar/
SA | Search | Monitoring,Dust & air quality,Responsive search ad,رصد جودة الهواء,قياس الغبار PM10 وPM2.5,محطات رصد جودة الهواء,تقارير رصد جاهزة للجهات,رصد الغبار لمواقع الإنشاء,سيلورين للاستشارات البيئية,خبرة 4 سنوات في المملكة,نخدم جميع مناطق المملكة,اطلب عرض سعر الآن,الرياض وجدة والدمام,,,,,,محطات رصد وقياسات ميدانية للغبار والغازات مع تقارير جاهزة للجهات المختصة.,تنبيهات فورية عند ارتفاع الغبار في مواقع الإنشاء والمحاجر والمصانع.,فريق فني يتابع مشروعك من الدراسة حتى اعتماد الجهات المختصة. اطلب عرض سعر.,نخدم المنشآت في الرياض وجدة والدمام وجميع مناطق المملكة. تواصل معنا اليوم.,جودة-الهواء,رصد,https://selorin.co/ar/services/air-quality-monitoring/
SA | Search | Monitoring,Fuel station VOC,Responsive search ad,رصد VOC لمحطات الوقود,أجهزة رصد الأبخرة,توريد وتركيب ومعايرة,اشتراطات محطات الوقود,سيلورين للاستشارات البيئية,خبرة 4 سنوات في المملكة,نخدم جميع مناطق المملكة,اطلب عرض سعر الآن,الرياض وجدة والدمام,,,,,,,أنظمة رصد ثابتة للمركبات العضوية المتطايرة في محطات الوقود: توريد وتركيب ومعايرة.,قراءات مستمرة وتقارير دورية تساعد محطتك على الالتزام بالاشتراطات البيئية.,فريق فني يتابع مشروعك من الدراسة حتى اعتماد الجهات المختصة. اطلب عرض سعر.,نخدم المنشآت في الرياض وجدة والدمام وجميع مناطق المملكة. تواصل معنا اليوم.,محطات-الوقود,VOC,https://selorin.co/ar/services/fuel-station-voc-monitoring/
SA | Search | Monitoring,Self-monitoring & noise/water,Responsive search ad,تقارير الرصد الذاتي,الرصد البيئي للمنشآت,قياس الضوضاء والاهتزاز,تحليل المياه ومياه الصرف,سيلورين للاستشارات البيئية,خبرة 4 سنوات في المملكة,نخدم جميع مناطق المملكة,اطلب عرض سعر الآن,الرياض وجدة والدمام,,,,,,,برامج رصد بيئي للهواء والضوضاء والمياه وفق اشتراطات تصريحك، مع تقارير دورية.,نصمم نقاط الرصد ونجمع العينات ونحلل النتائج ونجهز تقارير الرصد الذاتي.,فريق فني يتابع مشروعك من الدراسة حتى اعتماد الجهات المختصة. اطلب عرض سعر.,نخدم المنشآت في الرياض وجدة والدمام وجميع مناطق المملكة. تواصل معنا اليوم.,رصد-بيئي,تقارير,https://selorin.co/ar/services/environmental-monitoring/
SA | Search | Solar & EV,Solar homes & villas,Responsive search ad,طاقة شمسية لمنزلك,ألواح شمسية للفلل,خفّض فاتورة الكهرباء,تصميم حسب استهلاكك,ربط بالشبكة وعداد مناسب,بطاريات للطاقة الاحتياطية,سيلورين للاستشارات البيئية,خبرة 4 سنوات في المملكة,نخدم جميع مناطق المملكة,اطلب عرض سعر الآن,الرياض وجدة والدمام,,,,,نظام طاقة شمسية بحجم استهلاكك الفعلي، من دراسة الفواتير حتى التركيب والربط بالشبكة.,تصميم يراعي حرارة المملكة وغبارها، مع مراقبة الإنتاج وصيانة دورية.,فريق فني يتابع مشروعك من الدراسة حتى اعتماد الجهات المختصة. اطلب عرض سعر.,نخدم المنشآت في الرياض وجدة والدمام وجميع مناطق المملكة. تواصل معنا اليوم.,طاقة-شمسية,المنازل,https://selorin.co/ar/services/solar-energy-systems/
SA | Search | Solar & EV,Solar business & compounds,Responsive search ad,طاقة شمسية للمصانع,طاقة شمسية للكمباوندات,مظلات مواقف شمسية,دراسة جدوى ونموذج مالي,تشغيل وصيانة متكاملة,سيلورين للاستشارات البيئية,خبرة 4 سنوات في المملكة,نخدم جميع مناطق المملكة,اطلب عرض سعر الآن,الرياض وجدة والدمام,,,,,,أنظمة شمسية للمصانع والكمباوندات تتوافق مع أحمالك النهارية وتخفض تكلفة الطاقة.,من دراسة الجدوى والتصميم إلى التركيب والتشغيل والصيانة مع شريك واحد.,فريق فني يتابع مشروعك من الدراسة حتى اعتماد الجهات المختصة. اطلب عرض سعر.,نخدم المنشآت في الرياض وجدة والدمام وجميع مناطق المملكة. تواصل معنا اليوم.,طاقة-شمسية,المنشآت,https://selorin.co/ar/services/renewable-energy/
SA | Search | Solar & EV,EV charging,Responsive search ad,شواحن السيارات الكهربائية,محطات شحن للكمباوندات,شحن AC وشحن DC سريع,دراسة الأحمال قبل التركيب,شحن يعمل بالطاقة الشمسية,سيلورين للاستشارات البيئية,خبرة 4 سنوات في المملكة,نخدم جميع مناطق المملكة,اطلب عرض سعر الآن,الرياض وجدة والدمام,,,,,,محطات شحن للكمباوندات والمباني والفنادق والأساطيل مع إدارة ذكية للأحمال.,دراسة الأحمال واختيار الشواحن والتركيب والصيانة، مع خيار التشغيل بالطاقة الشمسية.,فريق فني يتابع مشروعك من الدراسة حتى اعتماد الجهات المختصة. اطلب عرض سعر.,نخدم المنشآت في الرياض وجدة والدمام وجميع مناطق المملكة. تواصل معنا اليوم.,شحن-السيارات,الكهربائية,https://selorin.co/ar/services/ev-charging-stations/
SA | Search | Waste & ESG,Waste management,Responsive search ad,إدارة النفايات للمنشآت,تراخيص موان,خطة إدارة النفايات,تقليل النفايات وتكلفتها,سيلورين للاستشارات البيئية,خبرة 4 سنوات في المملكة,نخدم جميع مناطق المملكة,اطلب عرض سعر الآن,الرياض وجدة والدمام,,,,,,,خطط إدارة نفايات ومتابعة متطلبات المركز الوطني لإدارة النفايات للمصانع والمشاريع.,نحصر النفايات ونحدد مسارات المعالجة والتدوير ونجهز السجلات المطلوبة.,فريق فني يتابع مشروعك من الدراسة حتى اعتماد الجهات المختصة. اطلب عرض سعر.,نخدم المنشآت في الرياض وجدة والدمام وجميع مناطق المملكة. تواصل معنا اليوم.,النفايات,موان,https://selorin.co/ar/services/waste-management/
SA | Search | Waste & ESG,ESG & carbon,Responsive search ad,تقرير الاستدامة لشركتك,استشارات ESG,حساب البصمة الكربونية,حصر انبعاثات النطاقات,سيلورين للاستشارات البيئية,خبرة 4 سنوات في المملكة,نخدم جميع مناطق المملكة,اطلب عرض سعر الآن,الرياض وجدة والدمام,,,,,,,تقارير استدامة وإفصاح ESG وحصر انبعاثات مبني على بيانات قابلة للتحقق.,خارطة طريق للحياد الصفري تبدأ من حصر انبعاثاتك وتنتهي بخطة قابلة للتنفيذ.,فريق فني يتابع مشروعك من الدراسة حتى اعتماد الجهات المختصة. اطلب عرض سعر.,نخدم المنشآت في الرياض وجدة والدمام وجميع مناطق المملكة. تواصل معنا اليوم.,ESG,الاستدامة,https://selorin.co/ar/services/esg-advisory/
SA | Search | Brand,Brand,Responsive search ad,سيلورين,الموقع الرسمي لسيلورين,Selorin Environmental,سيلورين للاستشارات البيئية,خبرة 4 سنوات في المملكة,نخدم جميع مناطق المملكة,اطلب عرض سعر الآن,الرياض وجدة والدمام,,,,,,,,سيلورين للاستشارات والخدمات البيئية في المملكة العربية السعودية ودول الخليج.,تصاريح بيئية ودراسات ورصد وطاقة متجددة. اطلب استشارة من فريقنا.,فريق فني يتابع مشروعك من الدراسة حتى اعتماد الجهات المختصة. اطلب عرض سعر.,نخدم المنشآت في الرياض وجدة والدمام وجميع مناطق المملكة. تواصل معنا اليوم.,سيلورين,,https://selorin.co/ar/
