Campaign,Ad Group,Keyword,Criterion Type,Final URL
SA | Search | Permits & EIA,Environmental permit,تصريح بيئي,Phrase,https://selorin.co/ar/services/environmental-permitting/
SA | Search | Permits & EIA,Environmental permit,استخراج تصريح بيئي,Phrase,https://selorin.co/ar/services/environmental-permitting/
SA | Search | Permits & EIA,Environmental permit,التصريح البيئي للمنشآت,Phrase,https://selorin.co/ar/services/environmental-permitting/
SA | Search | Permits & EIA,Environmental permit,تجديد التصريح البيئي,Phrase,https://selorin.co/ar/services/environmental-permitting/
SA | Search | Permits & EIA,Environmental permit,تصريح المركز الوطني للرقابة على الالتزام البيئي,Phrase,https://selorin.co/ar/services/environmental-permitting/
SA | Search | Permits & EIA,Environmental permit,environmental permit saudi arabia,Phrase,https://selorin.co/ar/services/environmental-permitting/
SA | Search | Permits & EIA,EIA,دراسة تقييم الأثر البيئي,Phrase,https://selorin.co/ar/services/environmental-impact-assessment/
SA | Search | Permits & EIA,EIA,دراسة أثر بيئي,Phrase,https://selorin.co/ar/services/environmental-impact-assessment/
SA | Search | Permits & EIA,EIA,تقييم الأثر البيئي للمشاريع,Phrase,https://selorin.co/ar/services/environmental-impact-assessment/
SA | Search | Permits & EIA,EIA,مكتب دراسات بيئية,Phrase,https://selorin.co/ar/services/environmental-impact-assessment/
SA | Search | Permits & EIA,EIA,environmental impact assessment saudi,Phrase,https://selorin.co/ar/services/environmental-impact-assessment/
SA | Search | Permits & EIA,Compliance & inspection,الامتثال البيئي,Phrase,https://selorin.co/ar/services/environmental-compliance/
SA | Search | Permits & EIA,Compliance & inspection,مخالفة بيئية,Phrase,https://selorin.co/ar/services/environmental-compliance/
SA | Search | Permits & EIA,Compliance & inspection,التفتيش البيئي,Phrase,https://selorin.co/ar/services/environmental-compliance/
SA | Search | Permits & EIA,Compliance & inspection,تدقيق بيئي,Phrase,https://selorin.co/ar/services/environmental-compliance/
SA | Search | Permits & EIA,Compliance & inspection,environmental compliance saudi,Phrase,https://selorin.co/ar/services/environmental-compliance/
SA | Search | Permits & EIA,Consultancy (generic),مكتب استشارات بيئية,Phrase,https://selorin.co/ar/
SA | Search | Permits & EIA,Consultancy (generic),شركة استشارات بيئية,Phrase,https://selorin.co/ar/
SA | Search | Permits & EIA,Consultancy (generic),مكتب استشاري بيئي,Phrase,https://selorin.co/ar/
SA | Search | Permits & EIA,Consultancy (generic),استشارات بيئية الرياض,Phrase,https://selorin.co/ar/
SA | Search | Permits & EIA,Consultancy (generic),استشارات بيئية جدة,Phrase,https://selorin.co/ar/
SA | Search | Permits & EIA,Consultancy (generic),environmental consultant saudi arabia,Phrase,https://selorin.co/ar/
SA | Search | Permits & EIA,Consultancy (generic),environmental consultancy riyadh,Phrase,https://selorin.co/ar/
SA | Search | Permits & EIA,,وظائف,Negative Phrase,
SA | Search | Permits & EIA,,وظيفة,Negative Phrase,
SA | Search | Permits & EIA,,توظيف,Negative Phrase,
SA | Search | Permits & EIA,,تدريب,Negative Phrase,
SA | Search | Permits & EIA,,دورة,Negative Phrase,
SA | Search | Permits & EIA,,دورات,Negative Phrase,
SA | Search | Permits & EIA,,كورس,Negative Phrase,
SA | Search | Permits & EIA,,pdf,Negative Phrase,
SA | Search | Permits & EIA,,بحث عن,Negative Phrase,
SA | Search | Permits & EIA,,بحث جامعي,Negative Phrase,
SA | Search | Permits & EIA,,رسالة ماجستير,Negative Phrase,
SA | Search | Permits & EIA,,تعريف,Negative Phrase,
SA | Search | Permits & EIA,,ما هو,Negative Phrase,
SA | Search | Permits & EIA,,ما هي,Negative Phrase,
SA | Search | Permits & EIA,,مجاني,Negative Phrase,
SA | Search | Permits & EIA,,مجانا,Negative Phrase,
SA | Search | Permits & EIA,,تحميل,Negative Phrase,
SA | Search | Permits & EIA,,wikipedia,Negative Phrase,
SA | Search | Permits & EIA,,ويكيبيديا,Negative Phrase,
SA | Search | Permits & EIA,,jobs,Negative Phrase,
SA | Search | Permits & EIA,,salary,Negative Phrase,
SA | Search | Permits & EIA,,راتب,Negative Phrase,
SA | Search | Permits & EIA,,طريقة تركيب,Negative Phrase,
SA | Search | Permits & EIA,,بنفسك,Negative Phrase,
SA | Search | Permits & EIA,,diy,Negative Phrase,
SA | Search | Permits & EIA,,مستعمل,Negative Phrase,
SA | Search | Permits & EIA,,حراج,Negative Phrase,
SA | Search | Monitoring,Dust & air quality,قياس جودة الهواء,Phrase,https://selorin.co/ar/services/air-quality-monitoring/
SA | Search | Monitoring,Dust & air quality,رصد جودة الهواء,Phrase,https://selorin.co/ar/services/air-quality-monitoring/
SA | Search | Monitoring,Dust & air quality,محطة رصد جودة الهواء,Phrase,https://selorin.co/ar/services/air-quality-monitoring/
SA | Search | Monitoring,Dust & air quality,قياس الغبار,Phrase,https://selorin.co/ar/services/air-quality-monitoring/
SA | Search | Monitoring,Dust & air quality,رصد الغبار مواقع الإنشاء,Phrase,https://selorin.co/ar/services/air-quality-monitoring/
SA | Search | Monitoring,Dust & air quality,air quality monitoring saudi,Phrase,https://selorin.co/ar/services/air-quality-monitoring/
SA | Search | Monitoring,Fuel station VOC,رصد الأبخرة محطات الوقود,Phrase,https://selorin.co/ar/services/fuel-station-voc-monitoring/
SA | Search | Monitoring,Fuel station VOC,أجهزة رصد VOC,Phrase,https://selorin.co/ar/services/fuel-station-voc-monitoring/
SA | Search | Monitoring,Fuel station VOC,رصد المركبات العضوية المتطايرة,Phrase,https://selorin.co/ar/services/fuel-station-voc-monitoring/
SA | Search | Monitoring,Fuel station VOC,اشتراطات محطات الوقود البيئية,Phrase,https://selorin.co/ar/services/fuel-station-voc-monitoring/
SA | Search | Monitoring,Self-monitoring & noise/water,تقارير الرصد الذاتي,Phrase,https://selorin.co/ar/services/environmental-monitoring/
SA | Search | Monitoring,Self-monitoring & noise/water,الرصد البيئي,Phrase,https://selorin.co/ar/services/environmental-monitoring/
SA | Search | Monitoring,Self-monitoring & noise/water,قياس الضوضاء,Phrase,https://selorin.co/ar/services/environmental-monitoring/
SA | Search | Monitoring,Self-monitoring & noise/water,تحليل مياه الصرف,Phrase,https://selorin.co/ar/services/environmental-monitoring/
SA | Search | Monitoring,Self-monitoring & noise/water,environmental monitoring saudi,Phrase,https://selorin.co/ar/services/environmental-monitoring/
SA | Search | Monitoring,,وظائف,Negative Phrase,
SA | Search | Monitoring,,وظيفة,Negative Phrase,
SA | Search | Monitoring,,توظيف,Negative Phrase,
SA | Search | Monitoring,,تدريب,Negative Phrase,
SA | Search | Monitoring,,دورة,Negative Phrase,
SA | Search | Monitoring,,دورات,Negative Phrase,
SA | Search | Monitoring,,كورس,Negative Phrase,
SA | Search | Monitoring,,pdf,Negative Phrase,
SA | Search | Monitoring,,بحث عن,Negative Phrase,
SA | Search | Monitoring,,بحث جامعي,Negative Phrase,
SA | Search | Monitoring,,رسالة ماجستير,Negative Phrase,
SA | Search | Monitoring,,تعريف,Negative Phrase,
SA | Search | Monitoring,,ما هو,Negative Phrase,
SA | Search | Monitoring,,ما هي,Negative Phrase,
SA | Search | Monitoring,,مجاني,Negative Phrase,
SA | Search | Monitoring,,مجانا,Negative Phrase,
SA | Search | Monitoring,,تحميل,Negative Phrase,
SA | Search | Monitoring,,wikipedia,Negative Phrase,
SA | Search | Monitoring,,ويكيبيديا,Negative Phrase,
SA | Search | Monitoring,,jobs,Negative Phrase,
SA | Search | Monitoring,,salary,Negative Phrase,
SA | Search | Monitoring,,راتب,Negative Phrase,
SA | Search | Monitoring,,طريقة تركيب,Negative Phrase,
SA | Search | Monitoring,,بنفسك,Negative Phrase,
SA | Search | Monitoring,,diy,Negative Phrase,
SA | Search | Monitoring,,مستعمل,Negative Phrase,
SA | Search | Monitoring,,حراج,Negative Phrase,
SA | Search | Solar & EV,Solar homes & villas,تركيب طاقة شمسية للمنازل,Phrase,https://selorin.co/ar/services/solar-energy-systems/
SA | Search | Solar & EV,Solar homes & villas,ألواح شمسية للفلل,Phrase,https://selorin.co/ar/services/solar-energy-systems/
SA | Search | Solar & EV,Solar homes & villas,طاقة شمسية للبيت,Phrase,https://selorin.co/ar/services/solar-energy-systems/
SA | Search | Solar & EV,Solar homes & villas,طاقة شمسية الرياض,Phrase,https://selorin.co/ar/services/solar-energy-systems/
SA | Search | Solar & EV,Solar homes & villas,أسعار الطاقة الشمسية للمنازل,Phrase,https://selorin.co/ar/services/solar-energy-systems/
SA | Search | Solar & EV,Solar homes & villas,solar panels saudi arabia,Phrase,https://selorin.co/ar/services/solar-energy-systems/
SA | Search | Solar & EV,Solar business & compounds,طاقة شمسية للمصانع,Phrase,https://selorin.co/ar/services/renewable-energy/
SA | Search | Solar & EV,Solar business & compounds,طاقة شمسية للكمباوند,Phrase,https://selorin.co/ar/services/renewable-energy/
SA | Search | Solar & EV,Solar business & compounds,أنظمة طاقة شمسية للشركات,Phrase,https://selorin.co/ar/services/renewable-energy/
SA | Search | Solar & EV,Solar business & compounds,مظلات مواقف شمسية,Phrase,https://selorin.co/ar/services/renewable-energy/
SA | Search | Solar & EV,Solar business & compounds,solar for factories saudi,Phrase,https://selorin.co/ar/services/renewable-energy/
SA | Search | Solar & EV,EV charging,شواحن سيارات كهربائية,Phrase,https://selorin.co/ar/services/ev-charging-stations/
SA | Search | Solar & EV,EV charging,تركيب شاحن سيارة كهربائية,Phrase,https://selorin.co/ar/services/ev-charging-stations/
SA | Search | Solar & EV,EV charging,محطة شحن سيارات كهربائية,Phrase,https://selorin.co/ar/services/ev-charging-stations/
SA | Search | Solar & EV,EV charging,شاحن سيارة كهربائية للمنزل,Phrase,https://selorin.co/ar/services/ev-charging-stations/
SA | Search | Solar & EV,EV charging,ev charger installation saudi,Phrase,https://selorin.co/ar/services/ev-charging-stations/
SA | Search | Solar & EV,,وظائف,Negative Phrase,
SA | Search | Solar & EV,,وظيفة,Negative Phrase,
SA | Search | Solar & EV,,توظيف,Negative Phrase,
SA | Search | Solar & EV,,تدريب,Negative Phrase,
SA | Search | Solar & EV,,دورة,Negative Phrase,
SA | Search | Solar & EV,,دورات,Negative Phrase,
SA | Search | Solar & EV,,كورس,Negative Phrase,
SA | Search | Solar & EV,,pdf,Negative Phrase,
SA | Search | Solar & EV,,بحث عن,Negative Phrase,
SA | Search | Solar & EV,,بحث جامعي,Negative Phrase,
SA | Search | Solar & EV,,رسالة ماجستير,Negative Phrase,
SA | Search | Solar & EV,,تعريف,Negative Phrase,
SA | Search | Solar & EV,,ما هو,Negative Phrase,
SA | Search | Solar & EV,,ما هي,Negative Phrase,
SA | Search | Solar & EV,,مجاني,Negative Phrase,
SA | Search | Solar & EV,,مجانا,Negative Phrase,
SA | Search | Solar & EV,,تحميل,Negative Phrase,
SA | Search | Solar & EV,,wikipedia,Negative Phrase,
SA | Search | Solar & EV,,ويكيبيديا,Negative Phrase,
SA | Search | Solar & EV,,jobs,Negative Phrase,
SA | Search | Solar & EV,,salary,Negative Phrase,
SA | Search | Solar & EV,,راتب,Negative Phrase,
SA | Search | Solar & EV,,طريقة تركيب,Negative Phrase,
SA | Search | Solar & EV,,بنفسك,Negative Phrase,
SA | Search | Solar & EV,,diy,Negative Phrase,
SA | Search | Solar & EV,,مستعمل,Negative Phrase,
SA | Search | Solar & EV,,حراج,Negative Phrase,
SA | Search | Waste & ESG,Waste management,إدارة النفايات للمصانع,Phrase,https://selorin.co/ar/services/waste-management/
SA | Search | Waste & ESG,Waste management,ترخيص موان,Phrase,https://selorin.co/ar/services/waste-management/
SA | Search | Waste & ESG,Waste management,خطة إدارة النفايات,Phrase,https://selorin.co/ar/services/waste-management/
SA | Search | Waste & ESG,Waste management,waste management consultant saudi,Phrase,https://selorin.co/ar/services/waste-management/
SA | Search | Waste & ESG,ESG & carbon,تقرير الاستدامة,Phrase,https://selorin.co/ar/services/esg-advisory/
SA | Search | Waste & ESG,ESG & carbon,استشارات ESG,Phrase,https://selorin.co/ar/services/esg-advisory/
SA | Search | Waste & ESG,ESG & carbon,حساب البصمة الكربونية,Phrase,https://selorin.co/ar/services/esg-advisory/
SA | Search | Waste & ESG,ESG & carbon,حصر الانبعاثات,Phrase,https://selorin.co/ar/services/esg-advisory/
SA | Search | Waste & ESG,ESG & carbon,esg consulting saudi,Phrase,https://selorin.co/ar/services/esg-advisory/
SA | Search | Waste & ESG,,وظائف,Negative Phrase,
SA | Search | Waste & ESG,,وظيفة,Negative Phrase,
SA | Search | Waste & ESG,,توظيف,Negative Phrase,
SA | Search | Waste & ESG,,تدريب,Negative Phrase,
SA | Search | Waste & ESG,,دورة,Negative Phrase,
SA | Search | Waste & ESG,,دورات,Negative Phrase,
SA | Search | Waste & ESG,,كورس,Negative Phrase,
SA | Search | Waste & ESG,,pdf,Negative Phrase,
SA | Search | Waste & ESG,,بحث عن,Negative Phrase,
SA | Search | Waste & ESG,,بحث جامعي,Negative Phrase,
SA | Search | Waste & ESG,,رسالة ماجستير,Negative Phrase,
SA | Search | Waste & ESG,,تعريف,Negative Phrase,
SA | Search | Waste & ESG,,ما هو,Negative Phrase,
SA | Search | Waste & ESG,,ما هي,Negative Phrase,
SA | Search | Waste & ESG,,مجاني,Negative Phrase,
SA | Search | Waste & ESG,,مجانا,Negative Phrase,
SA | Search | Waste & ESG,,تحميل,Negative Phrase,
SA | Search | Waste & ESG,,wikipedia,Negative Phrase,
SA | Search | Waste & ESG,,ويكيبيديا,Negative Phrase,
SA | Search | Waste & ESG,,jobs,Negative Phrase,
SA | Search | Waste & ESG,,salary,Negative Phrase,
SA | Search | Waste & ESG,,راتب,Negative Phrase,
SA | Search | Waste & ESG,,طريقة تركيب,Negative Phrase,
SA | Search | Waste & ESG,,بنفسك,Negative Phrase,
SA | Search | Waste & ESG,,diy,Negative Phrase,
SA | Search | Waste & ESG,,مستعمل,Negative Phrase,
SA | Search | Waste & ESG,,حراج,Negative Phrase,
SA | Search | Brand,Brand,سيلورين,Exact,https://selorin.co/ar/
SA | Search | Brand,Brand,selorin,Exact,https://selorin.co/ar/
SA | Search | Brand,Brand,سيلورين للاستشارات البيئية,Phrase,https://selorin.co/ar/
SA | Search | Brand,Brand,selorin environmental,Phrase,https://selorin.co/ar/
SA | Search | Brand,,وظائف,Negative Phrase,
SA | Search | Brand,,وظيفة,Negative Phrase,
SA | Search | Brand,,توظيف,Negative Phrase,
SA | Search | Brand,,تدريب,Negative Phrase,
SA | Search | Brand,,دورة,Negative Phrase,
SA | Search | Brand,,دورات,Negative Phrase,
SA | Search | Brand,,كورس,Negative Phrase,
SA | Search | Brand,,pdf,Negative Phrase,
SA | Search | Brand,,بحث عن,Negative Phrase,
SA | Search | Brand,,بحث جامعي,Negative Phrase,
SA | Search | Brand,,رسالة ماجستير,Negative Phrase,
SA | Search | Brand,,تعريف,Negative Phrase,
SA | Search | Brand,,ما هو,Negative Phrase,
SA | Search | Brand,,ما هي,Negative Phrase,
SA | Search | Brand,,مجاني,Negative Phrase,
SA | Search | Brand,,مجانا,Negative Phrase,
SA | Search | Brand,,تحميل,Negative Phrase,
SA | Search | Brand,,wikipedia,Negative Phrase,
SA | Search | Brand,,ويكيبيديا,Negative Phrase,
SA | Search | Brand,,jobs,Negative Phrase,
SA | Search | Brand,,salary,Negative Phrase,
SA | Search | Brand,,راتب,Negative Phrase,
SA | Search | Brand,,طريقة تركيب,Negative Phrase,
SA | Search | Brand,,بنفسك,Negative Phrase,
SA | Search | Brand,,diy,Negative Phrase,
SA | Search | Brand,,مستعمل,Negative Phrase,
SA | Search | Brand,,حراج,Negative Phrase,
