id,name,url,type,user,purpose,searchIntent,objective,parent,cta,priority,phase,access,indexable
"PUB-001","Home","/","Home","All visitors","Position Selorin across consulting, solutions, innovation and investment; route each audience","environmental consulting and environmental technology company Saudi Arabia","Segment visitors into service, innovation, investor and challenge journeys","—","Request a Service · Submit a Solution · Explore Investment Opportunities","P1","P03 Public Website","public","true"
"PUB-002","About","/about/","Hub","Clients, partners, investors","Who Selorin is and how its consulting + innovation model works","Selorin environmental company about","Build institutional trust","PUB-001","Talk to an Expert","P1","P03 Public Website","public","true"
"PUB-003","About — Our Story","/about/our-story/","Content","Clients, partners, investors","Origin and reason the company bridges research, technology and investment","Selorin story","Trust and credibility","PUB-002","Partner With Us","P1","P03 Public Website","public","true"
"PUB-004","About — Mission","/about/mission/","Content","Clients, partners, investors","Mission statement and what it commits the company to","Selorin mission environmental","Trust and credibility","PUB-002","Talk to an Expert","P1","P03 Public Website","public","true"
"PUB-005","About — Vision","/about/vision/","Content","Clients, partners, investors","Long-term vision for environmental technology deployment in the region","Selorin vision","Trust and credibility","PUB-002","Explore the Innovation Platform","P1","P03 Public Website","public","true"
"PUB-006","About — Our Approach","/about/approach/","Content","Clients, partners, investors","Evidence-based method from assessment to deployment, incl. validation gates","environmental consulting methodology","Trust and credibility","PUB-002","Request a Service","P1","P03 Public Website","public","true"
"PUB-007","About — Expertise","/about/expertise/","Content","Clients, partners, investors","Disciplines and capability map across eight practice areas","environmental expertise disciplines","Trust and credibility","PUB-002","Talk to an Expert","P1","P03 Public Website","public","true"
"PUB-008","About — Leadership","/about/leadership/","Content","Clients, partners, investors","Leadership profiles and governance [COMPANY DATA REQUIRED]","Selorin leadership","Trust and credibility","PUB-002","Talk to an Expert","P2","P03 Public Website","public","true"
"PUB-009","About — Partners","/about/partners/","Content","Clients, partners, investors","Partner ecosystem overview (links to Partnerships)","Selorin partners","Trust and credibility","PUB-002","Partner With Us","P1","P03 Public Website","public","true"
"PUB-010","About — Our Sustainability Commitment","/about/sustainability/","Content","Clients, partners, investors","Selorin's own environmental commitments and reporting","Selorin sustainability commitment","Trust and credibility","PUB-002","Read Our Commitment","P1","P03 Public Website","public","true"
"PUB-011","Industries","/industries/","Hub","Sector decision makers","Sector entry point to challenges, services and solutions","environmental services by industry","Route by sector","PUB-001","Talk to an Expert","P1","P03 Public Website","public","true"
"PUB-012","Industry — Oil & Gas","/industries/oil-gas/","Industry Detail","Oil & Gas HSE, operations and project leaders","Sector challenges, applicable services, solutions, case studies, regulatory considerations","environmental services oil & gas Saudi Arabia","Sector-qualified service requests and challenge submissions","PUB-011","Request a Service · Submit a Challenge","P1","P03 Public Website","public","true"
"PUB-013","Industry — Petrochemicals","/industries/petrochemical/","Industry Detail","Petrochemicals HSE, operations and project leaders","Sector challenges, applicable services, solutions, case studies, regulatory considerations","environmental services petrochemicals Saudi Arabia","Sector-qualified service requests and challenge submissions","PUB-011","Request a Service · Submit a Challenge","P1","P03 Public Website","public","true"
"PUB-014","Industry — Manufacturing","/industries/industrial-manufacturing/","Industry Detail","Manufacturing HSE, operations and project leaders","Sector challenges, applicable services, solutions, case studies, regulatory considerations","environmental services manufacturing Saudi Arabia","Sector-qualified service requests and challenge submissions","PUB-011","Request a Service · Submit a Challenge","P1","P03 Public Website","public","true"
"PUB-015","Industry — Industrial Facilities & Industrial Cities","/industries/industrial-facilities/","Industry Detail","Industrial Facilities & Industrial Cities HSE, operations and project leaders","Sector challenges, applicable services, solutions, case studies, regulatory considerations","environmental services industrial facilities & industrial cities Saudi Arabia","Sector-qualified service requests and challenge submissions","PUB-011","Request a Service · Submit a Challenge","P2","P03 Public Website","public","true"
"PUB-016","Industry — Construction","/industries/construction/","Industry Detail","Construction HSE, operations and project leaders","Sector challenges, applicable services, solutions, case studies, regulatory considerations","environmental services construction Saudi Arabia","Sector-qualified service requests and challenge submissions","PUB-011","Request a Service · Submit a Challenge","P1","P03 Public Website","public","true"
"PUB-017","Industry — Real Estate","/industries/real-estate/","Industry Detail","Real Estate HSE, operations and project leaders","Sector challenges, applicable services, solutions, case studies, regulatory considerations","environmental services real estate Saudi Arabia","Sector-qualified service requests and challenge submissions","PUB-011","Request a Service · Submit a Challenge","P2","P03 Public Website","public","true"
"PUB-018","Industry — Hospitality & Tourism","/industries/hospitality/","Industry Detail","Hospitality & Tourism HSE, operations and project leaders","Sector challenges, applicable services, solutions, case studies, regulatory considerations","environmental services hospitality & tourism Saudi Arabia","Sector-qualified service requests and challenge submissions","PUB-011","Request a Service · Submit a Challenge","P2","P03 Public Website","public","true"
"PUB-019","Industry — Healthcare","/industries/healthcare/","Industry Detail","Healthcare HSE, operations and project leaders","Sector challenges, applicable services, solutions, case studies, regulatory considerations","environmental services healthcare Saudi Arabia","Sector-qualified service requests and challenge submissions","PUB-011","Request a Service · Submit a Challenge","P2","P03 Public Website","public","true"
"PUB-020","Industry — Food & Beverage","/industries/food-beverage/","Industry Detail","Food & Beverage HSE, operations and project leaders","Sector challenges, applicable services, solutions, case studies, regulatory considerations","environmental services food & beverage Saudi Arabia","Sector-qualified service requests and challenge submissions","PUB-011","Request a Service · Submit a Challenge","P2","P03 Public Website","public","true"
"PUB-021","Industry — Agriculture","/industries/agriculture/","Industry Detail","Agriculture HSE, operations and project leaders","Sector challenges, applicable services, solutions, case studies, regulatory considerations","environmental services agriculture Saudi Arabia","Sector-qualified service requests and challenge submissions","PUB-011","Request a Service · Submit a Challenge","P2","P03 Public Website","public","true"
"PUB-022","Industry — Mining & Quarrying","/industries/mining-quarrying/","Industry Detail","Mining & Quarrying HSE, operations and project leaders","Sector challenges, applicable services, solutions, case studies, regulatory considerations","environmental services mining & quarrying Saudi Arabia","Sector-qualified service requests and challenge submissions","PUB-011","Request a Service · Submit a Challenge","P2","P03 Public Website","public","true"
"PUB-023","Industry — Logistics & Warehousing","/industries/logistics-warehousing/","Industry Detail","Logistics & Warehousing HSE, operations and project leaders","Sector challenges, applicable services, solutions, case studies, regulatory considerations","environmental services logistics & warehousing Saudi Arabia","Sector-qualified service requests and challenge submissions","PUB-011","Request a Service · Submit a Challenge","P2","P03 Public Website","public","true"
"PUB-024","Industry — Transportation","/industries/transportation/","Industry Detail","Transportation HSE, operations and project leaders","Sector challenges, applicable services, solutions, case studies, regulatory considerations","environmental services transportation Saudi Arabia","Sector-qualified service requests and challenge submissions","PUB-011","Request a Service · Submit a Challenge","P2","P03 Public Website","public","true"
"PUB-025","Industry — Energy & Utilities","/industries/energy/","Industry Detail","Energy & Utilities HSE, operations and project leaders","Sector challenges, applicable services, solutions, case studies, regulatory considerations","environmental services energy & utilities Saudi Arabia","Sector-qualified service requests and challenge submissions","PUB-011","Request a Service · Submit a Challenge","P1","P03 Public Website","public","true"
"PUB-026","Industry — Government","/industries/government-public-sector/","Industry Detail","Government HSE, operations and project leaders","Sector challenges, applicable services, solutions, case studies, regulatory considerations","environmental services government Saudi Arabia","Sector-qualified service requests and challenge submissions","PUB-011","Request a Service · Submit a Challenge","P2","P03 Public Website","public","true"
"PUB-027","Industry — Infrastructure","/industries/infrastructure/","Industry Detail","Infrastructure HSE, operations and project leaders","Sector challenges, applicable services, solutions, case studies, regulatory considerations","environmental services infrastructure Saudi Arabia","Sector-qualified service requests and challenge submissions","PUB-011","Request a Service · Submit a Challenge","P2","P03 Public Website","public","true"
"PUB-028","Industry — Retail & Commercial","/industries/commercial-facilities/","Industry Detail","Retail & Commercial HSE, operations and project leaders","Sector challenges, applicable services, solutions, case studies, regulatory considerations","environmental services retail & commercial Saudi Arabia","Sector-qualified service requests and challenge submissions","PUB-011","Request a Service · Submit a Challenge","P2","P03 Public Website","public","true"
"PUB-029","Industry — Waste & Recycling Operators","/industries/waste-recycling/","Industry Detail","Waste & Recycling Operators HSE, operations and project leaders","Sector challenges, applicable services, solutions, case studies, regulatory considerations","environmental services waste & recycling operators Saudi Arabia","Sector-qualified service requests and challenge submissions","PUB-011","Request a Service · Submit a Challenge","P2","P03 Public Website","public","true"
"PUB-030","Projects","/projects/","Listing","Prospective clients, investors","Filterable portfolio (sector, service, location, type, year)","environmental consulting projects Saudi Arabia","Proof of delivery","PUB-001","Request a Service","P2","P03 Public Website","public","true"
"PUB-031","Project Detail (template)","/projects/[slug]/","Detail Template","Prospective clients","Challenge, scope, methodology, deliverables, results, impact, images, data","per project","Proof of delivery","PUB-030","Discuss a Similar Project","P2","P03 Public Website","public","true"
"PUB-032","Case Studies","/case-studies/","Listing","Clients, investors","Measured-outcome case studies","environmental case studies","Evidence of impact","PUB-001","Talk to an Expert","P2","P03 Public Website","public","true"
"PUB-033","Case Study (template)","/case-studies/[slug]/","Detail Template","Clients, investors","Challenge, baseline, solution, implementation, technology, results, environmental & economic impact, lessons","per case study","Evidence of impact","PUB-032","Request a Similar Solution","P2","P03 Public Website","public","true"
"PUB-034","Partnerships","/partnerships/","Hub","Universities, technology firms, manufacturers, investors, industry","Partnership models and how each partner type engages","environmental technology partnership Saudi Arabia","Partner acquisition","PUB-001","Partner With Us","P2","P03 Public Website","public","true"
"PUB-035","Partnerships — Universities","/partnerships/universities/","Content","Universities","Value proposition, engagement model and process for universities","universities environmental partnership","Qualified partnership enquiries","PUB-034","Commercialise Your Research","P2","P03 Public Website","public","true"
"PUB-036","Partnerships — Research Centres","/partnerships/research-centers/","Content","Research Centres","Value proposition, engagement model and process for research centres","research centres environmental partnership","Qualified partnership enquiries","PUB-034","Validate a Technology With Us","P2","P03 Public Website","public","true"
"PUB-037","Partnerships — Technology Partners","/partnerships/technology-partners/","Content","Technology Partners","Value proposition, engagement model and process for technology partners","technology partners environmental partnership","Qualified partnership enquiries","PUB-034","List Your Technology","P2","P03 Public Website","public","true"
"PUB-038","Partnerships — Manufacturers","/partnerships/manufacturers/","Content","Manufacturers","Value proposition, engagement model and process for manufacturers","manufacturers environmental partnership","Qualified partnership enquiries","PUB-034","Scale Production With Us","P2","P03 Public Website","public","true"
"PUB-039","Partnerships — Investment Partners","/partnerships/investors/","Content","Investment Partners","Value proposition, engagement model and process for investment partners","investment partners environmental partnership","Qualified partnership enquiries","PUB-034","Become an Investment Partner","P2","P03 Public Website","public","true"
"PUB-040","Partnerships — Industrial Partners","/partnerships/industrial-partners/","Content","Industrial Partners","Value proposition, engagement model and process for industrial partners","industrial partners environmental partnership","Qualified partnership enquiries","PUB-034","Host a Pilot","P2","P03 Public Website","public","true"
"PUB-041","Partnerships — Strategic Partners","/partnerships/strategic-partners/","Content","Strategic Partners","Value proposition, engagement model and process for strategic partners","strategic partners environmental partnership","Qualified partnership enquiries","PUB-034","Partner With Us","P2","P03 Public Website","public","true"
"PUB-042","Partnership Enquiry","/partnerships/apply/","Form","Prospective partners","Structured partnership enquiry (type-specific fields)","—","Partner pipeline","PUB-034","Submit Enquiry","P2","P03 Public Website","public","false"
"PUB-043","Contact","/contact/","Form","Anyone","General enquiries with intent routing (service, solution, investor, challenge, media)","contact Selorin","Catch-all conversion","PUB-001","Send Inquiry","P1","P03 Public Website","public","true"
"PUB-044","Service Request","/request/[service]/","Form","Clients","Service-specific request (service, sub-service, industry, location, type, size, regulatory requirement, timeline, attachments) → Sales/BD","—","Qualified service leads","PUB-001","Submit Request","P1","P02 Services","public","false"
"PUB-045","Service Request — Received","/request/received/","Confirmation","Clients","Request ID and next steps","—","Reassurance","PUB-044","Explore Knowledge","P1","P02 Services","public","false"
"PUB-046","Global Search","/search/","Utility","All visitors","Search services, sub-services, solutions, projects, case studies, research, insights, opportunities with filters","—","Findability","PUB-001","—","P2","P09 SEO + Content","public","false"
"PUB-047","Privacy Policy","/legal/privacy/","Legal","All users","Privacy Policy [COMPANY DATA REQUIRED: legal review]","Selorin privacy policy","Compliance (PDPL, IP protection)","PUB-001","—","P1","P03 Public Website","public","true"
"PUB-048","Terms & Conditions","/legal/terms/","Legal","All users","Terms & Conditions [COMPANY DATA REQUIRED: legal review]","Selorin terms & conditions","Compliance (PDPL, IP protection)","PUB-001","—","P2","P03 Public Website","public","true"
"PUB-049","Cookie Policy","/legal/cookies/","Legal","All users","Cookie Policy [COMPANY DATA REQUIRED: legal review]","Selorin cookie policy","Compliance (PDPL, IP protection)","PUB-001","—","P2","P03 Public Website","public","true"
"PUB-050","Confidentiality & IP Policy","/legal/confidentiality/","Legal","All users","Confidentiality & IP Policy [COMPANY DATA REQUIRED: legal review]","Selorin confidentiality & ip policy","Compliance (PDPL, IP protection)","PUB-001","—","P1","P03 Public Website","public","true"
"PUB-051","Platform Terms of Use","/legal/platform-terms/","Legal","All users","Platform Terms of Use [COMPANY DATA REQUIRED: legal review]","Selorin platform terms of use","Compliance (PDPL, IP protection)","PUB-001","—","P1","P03 Public Website","public","true"
"PUB-052","HTML Sitemap","/sitemap/","Utility","Visitors, crawlers","All public pages (noindex, follow)","—","Crawlability","PUB-001","—","P3","P09 SEO + Content","public","false"
"PUB-053","Not Found","/404","Utility","Visitors","Recovery routes","—","Retention","PUB-001","Request a Service","P2","P03 Public Website","public","false"
"SRV-001","Services","/services/","Hub","Clients","Eight practice areas with sub-service navigation","environmental services Saudi Arabia","Route to the right practice area","PUB-001","Request a Service","P1","P02 Services","public","true"
"SRV-002","Environmental Consulting","/services/environmental-consulting/","Category Hub","Clients","Practice-area overview, sub-service map, industries, case studies for Environmental Consulting","environmental consulting Saudi Arabia","Category ranking + routing to sub-services","SRV-001","Request a Service","P1","P02 Services","public","true"
"SRV-003","Environmental Monitoring","/services/environmental-monitoring/","Category Hub","Clients","Practice-area overview, sub-service map, industries, case studies for Environmental Monitoring","environmental monitoring services Saudi Arabia","Category ranking + routing to sub-services","SRV-001","Request a Service","P1","P02 Services","public","true"
"SRV-004","Sustainability & Climate","/services/sustainability-climate/","Category Hub","Clients","Practice-area overview, sub-service map, industries, case studies for Sustainability & Climate","sustainability and climate consulting Saudi Arabia","Category ranking + routing to sub-services","SRV-001","Request a Service","P1","P02 Services","public","true"
"SRV-005","Renewable Energy","/services/renewable-energy/","Category Hub","Clients","Practice-area overview, sub-service map, industries, case studies for Renewable Energy","renewable energy consulting Saudi Arabia","Category ranking + routing to sub-services","SRV-001","Request a Service","P1","P02 Services","public","true"
"SRV-006","Waste Management","/services/waste-management/","Category Hub","Clients","Practice-area overview, sub-service map, industries, case studies for Waste Management","waste management consulting Saudi Arabia","Category ranking + routing to sub-services","SRV-001","Request a Service","P1","P02 Services","public","true"
"SRV-007","Circular Economy","/services/circular-economy/","Category Hub","Clients","Practice-area overview, sub-service map, industries, case studies for Circular Economy","circular economy consulting Saudi Arabia","Category ranking + routing to sub-services","SRV-001","Request a Service","P1","P02 Services","public","true"
"SRV-008","Water & Resource Efficiency","/services/water-resource-efficiency/","Category Hub","Clients","Practice-area overview, sub-service map, industries, case studies for Water & Resource Efficiency","water efficiency consulting Saudi Arabia","Category ranking + routing to sub-services","SRV-001","Request a Service","P1","P02 Services","public","true"
"SRV-009","Environmental Technology & Innovation","/services/environmental-technology/","Category Hub","Clients","Practice-area overview, sub-service map, industries, case studies for Environmental Technology & Innovation","environmental technology assessment and commercialization","Category ranking + routing to sub-services","SRV-001","Submit a Solution · Request a Technology Assessment","P1","P02 Services","public","true"
"SVC-001","Environmental Permitting","/services/environmental-permitting/","Service Detail","Clients (decision makers + technical leads)","Securing construction/operation permits, renewals and modifications.","environmental permit Saudi Arabia","Qualified service requests","SRV-002","Request This Service","P1","P02 Services","public","true"
"SVC-002","Environmental Impact Assessment","/services/environmental-impact-assessment/","Service Detail","Clients (decision makers + technical leads)","Statutory EIA for project approval: screening to report and review responses.","environmental impact assessment Saudi Arabia","Qualified service requests","SRV-002","Request This Service","P1","P02 Services","public","true"
"SVC-003","Environmental Management Plans","/services/environmental-management-plans/","Service Detail","Clients (decision makers + technical leads)","Implementation plans (CEMP/OEMP) that turn approval conditions into site controls.","environmental management plan CEMP OEMP","Qualified service requests","SRV-002","Request This Service","P2","P02 Services","public","true"
"SVC-004","Environmental Compliance","/services/environmental-compliance/","Service Detail","Clients (decision makers + technical leads)","Ongoing obligation management, inspection readiness, responding to notices.","environmental compliance services","Qualified service requests","SRV-002","Request This Service","P1","P02 Services","public","true"
"SVC-005","Environmental Auditing","/services/environmental-auditing/","Service Detail","Clients (decision makers + technical leads)","Independent point-in-time audits and gap assessments against requirements.","environmental audit Saudi Arabia","Qualified service requests","SRV-002","Request This Service","P2","P02 Services","public","true"
"SVC-006","Environmental Due Diligence","/services/environmental-due-diligence/","Service Detail","Clients (decision makers + technical leads)","Liability and compliance findings for transactions, leases and land.","environmental due diligence acquisition","Qualified service requests","SRV-002","Request This Service","P2","P02 Services","public","true"
"SVC-007","Environmental Risk Assessment","/services/environmental-risk-assessment/","Service Detail","Clients (decision makers + technical leads)","Probability × consequence of environmental incidents and liabilities for operations.","environmental risk assessment","Qualified service requests","SRV-002","Request This Service","P2","P02 Services","public","true"
"SVC-008","Environmental Monitoring Programmes","/services/environmental-monitoring-programs/","Service Detail","Clients (decision makers + technical leads)","Designing multi-media monitoring programmes required by permits/EMPs.","environmental monitoring program design","Qualified service requests","SRV-002","Request This Service","P2","P02 Services","public","true"
"SVC-009","Environmental Remediation","/services/environmental-remediation/","Service Detail","Clients (decision makers + technical leads)","Site investigation, remediation options appraisal and closure verification.","contaminated land remediation Saudi Arabia","Qualified service requests","SRV-002","Request This Service","P2","P02 Services","public","true"
"SVC-010","Specialist Environmental Studies","/services/environmental-studies/","Service Detail","Clients (decision makers + technical leads)","Baseline, ecological, hydrogeological, dispersion and noise modelling studies.","environmental baseline studies dispersion modelling","Qualified service requests","SRV-002","Request This Service","P2","P02 Services","public","true"
"SVC-011","Environmental Records & Reporting","/services/environmental-records/","Service Detail","Clients (decision makers + technical leads)","Registers, periodic self-monitoring reports and inspection-ready record systems.","environmental records and reporting","Qualified service requests","SRV-002","Request This Service","P2","P02 Services","public","true"
"SVC-012","Environmental Regulatory Advisory","/services/environmental-regulatory-advisory/","Service Detail","Clients (decision makers + technical leads)","Interpreting regulations and their impact on strategy, design and investment.","Saudi environmental regulations advisory","Qualified service requests","SRV-002","Request This Service","P2","P02 Services","public","true"
"SVC-013","Air Quality Monitoring","/services/air-quality-monitoring/","Service Detail","Clients (decision makers + technical leads)","Integrated air programmes combining ambient, workplace and source data.","air quality monitoring services","Qualified service requests","SRV-003","Request This Service","P1","P02 Services","public","true"
"SVC-014","Ambient Air Quality Monitoring Stations","/services/ambient-air-monitoring/","Service Detail","Clients (decision makers + technical leads)","Fixed continuous ambient stations (gases, PM, meteorology) and their operation.","ambient air quality monitoring station AAQMS","Qualified service requests","SRV-003","Request This Service","P2","P02 Services","public","true"
"SVC-015","Stack Emission Monitoring","/services/stack-emission-monitoring/","Service Detail","Clients (decision makers + technical leads)","Point-source emissions: periodic stack testing and CEMS.","stack emission testing CEMS","Qualified service requests","SRV-003","Request This Service","P2","P02 Services","public","true"
"SVC-016","Dust Monitoring","/services/dust-monitoring/","Service Detail","Clients (decision makers + technical leads)","Particulate fence-line networks for dusty sites with real-time alerts.","dust monitoring PM10 PM2.5 construction","Qualified service requests","SRV-003","Request This Service","P1","P02 Services","public","true"
"SVC-017","Fuel Station VOC Monitoring","/services/fuel-station-voc-monitoring/","Service Detail","Clients (decision makers + technical leads)","Fixed PID VOC systems for fuel stations (intrinsically safe, 4–20 mA/Modbus).","VOC monitoring fuel stations NCEC","Qualified service requests","SRV-003","Request This Service","P1","P02 Services","public","true"
"SVC-018","Noise Monitoring","/services/noise-monitoring/","Service Detail","Clients (decision makers + technical leads)","Environmental and occupational noise surveys and continuous terminals.","environmental noise monitoring","Qualified service requests","SRV-003","Request This Service","P2","P02 Services","public","true"
"SVC-019","Vibration Monitoring","/services/vibration-monitoring/","Service Detail","Clients (decision makers + technical leads)","Ground/structural vibration from construction, blasting and piling.","construction vibration monitoring","Qualified service requests","SRV-003","Request This Service","P2","P02 Services","public","true"
"SVC-020","Water Quality Monitoring","/services/water-quality-monitoring/","Service Detail","Clients (decision makers + technical leads)","Surface, ground and potable water quality against applicable standards.","water quality monitoring services","Qualified service requests","SRV-003","Request This Service","P2","P02 Services","public","true"
"SVC-021","Wastewater Monitoring","/services/wastewater-monitoring/","Service Detail","Clients (decision makers + technical leads)","Effluent and discharge compliance monitoring, online analysers and sampling.","wastewater effluent monitoring","Qualified service requests","SRV-003","Request This Service","P2","P02 Services","public","true"
"SVC-022","Soil Monitoring","/services/soil-monitoring/","Service Detail","Clients (decision makers + technical leads)","Soil sampling and contamination screening at operating and closing sites.","soil contamination testing","Qualified service requests","SRV-003","Request This Service","P2","P02 Services","public","true"
"SVC-023","Sediment Monitoring","/services/sediment-monitoring/","Service Detail","Clients (decision makers + technical leads)","Sediment quality for dredging, ports and outfalls.","marine sediment sampling analysis","Qualified service requests","SRV-003","Request This Service","P2","P02 Services","public","true"
"SVC-024","Marine Environmental Monitoring","/services/marine-monitoring/","Service Detail","Clients (decision makers + technical leads)","Seawater, outfall plume, coral and habitat monitoring for coastal projects.","marine environmental monitoring Red Sea Arabian Gulf","Qualified service requests","SRV-003","Request This Service","P2","P02 Services","public","true"
"SVC-025","Odour Monitoring","/services/odor-monitoring/","Service Detail","Clients (decision makers + technical leads)","Odour/H2S surveys and complaint investigation for STPs, landfills and plants.","odour monitoring H2S wastewater plant","Qualified service requests","SRV-003","Request This Service","P2","P02 Services","public","true"
"SVC-026","Meteorological Monitoring","/services/meteorological-monitoring/","Service Detail","Clients (decision makers + technical leads)","Weather stations supporting dispersion modelling and dust/odour attribution.","meteorological station wind monitoring","Qualified service requests","SRV-003","Request This Service","P2","P02 Services","public","true"
"SVC-027","Environmental Data Management","/services/environmental-data-management/","Service Detail","Clients (decision makers + technical leads)","Data platforms, QA/QC, dashboards and automated compliance reporting.","environmental data management platform","Qualified service requests","SRV-003","Request This Service","P2","P02 Services","public","true"
"SVC-028","ESG Strategy","/services/esg-strategy/","Service Detail","Clients (decision makers + technical leads)","Materiality, ESG priorities, governance and targets.","ESG strategy consulting Saudi Arabia","Qualified service requests","SRV-004","Request This Service","P2","P02 Services","public","true"
"SVC-029","ESG Reporting","/services/esg-reporting/","Service Detail","Clients (decision makers + technical leads)","Investor-facing disclosures (Saudi Exchange guidelines, IFRS S1/S2).","ESG reporting Tadawul ISSB","Qualified service requests","SRV-004","Request This Service","P1","P02 Services","public","true"
"SVC-030","GHG Accounting","/services/ghg-accounting/","Service Detail","Clients (decision makers + technical leads)","Organisational GHG inventory: boundaries, methods, data system.","GHG inventory GHG Protocol ISO 14064","Qualified service requests","SRV-004","Request This Service","P1","P02 Services","public","true"
"SVC-031","Scope 1 Emissions","/services/scope-1-emissions/","Service Detail","Clients (decision makers + technical leads)","Direct emissions: combustion, process, fugitive (refrigerants, methane).","scope 1 emissions calculation","Qualified service requests","SRV-004","Request This Service","P2","P02 Services","public","true"
"SVC-032","Scope 2 Emissions","/services/scope-2-emissions/","Service Detail","Clients (decision makers + technical leads)","Purchased electricity/cooling: location- vs market-based methods.","scope 2 emissions location market based","Qualified service requests","SRV-004","Request This Service","P2","P02 Services","public","true"
"SVC-033","Scope 3 Emissions","/services/scope-3-emissions/","Service Detail","Clients (decision makers + technical leads)","Value-chain emissions screening across the 15 categories and supplier data.","scope 3 emissions supply chain","Qualified service requests","SRV-004","Request This Service","P2","P02 Services","public","true"
"SVC-034","Carbon Footprint","/services/carbon-footprint/","Service Detail","Clients (decision makers + technical leads)","Footprints of projects, sites, events and services (outside full inventories).","carbon footprint calculation project event","Qualified service requests","SRV-004","Request This Service","P2","P02 Services","public","true"
"SVC-035","Net Zero Strategy","/services/net-zero-strategy/","Service Detail","Clients (decision makers + technical leads)","Targets, pathway and governance for net zero.","net zero strategy Saudi Arabia 2060","Qualified service requests","SRV-004","Request This Service","P2","P02 Services","public","true"
"SVC-036","Decarbonisation","/services/decarbonization/","Service Detail","Clients (decision makers + technical leads)","Abatement options, MACC and implementation roadmap for assets.","industrial decarbonization abatement","Qualified service requests","SRV-004","Request This Service","P2","P02 Services","public","true"
"SVC-037","Climate Risk Assessment","/services/climate-risk/","Service Detail","Clients (decision makers + technical leads)","Physical and transition risk analysis and scenario disclosure.","climate risk assessment TCFD physical transition","Qualified service requests","SRV-004","Request This Service","P2","P02 Services","public","true"
"SVC-038","Climate Adaptation","/services/climate-adaptation/","Service Detail","Clients (decision makers + technical leads)","Resilience measures for heat, water stress, flooding and dust storms.","climate adaptation heat flood resilience","Qualified service requests","SRV-004","Request This Service","P2","P02 Services","public","true"
"SVC-039","Life Cycle Assessment","/services/life-cycle-assessment/","Service Detail","Clients (decision makers + technical leads)","Cradle-to-grave LCA for products and design decisions.","life cycle assessment ISO 14040","Qualified service requests","SRV-004","Request This Service","P2","P02 Services","public","true"
"SVC-040","Environmental Product Declarations","/services/environmental-product-assessment/","Service Detail","Clients (decision makers + technical leads)","EPD preparation support and product environmental claims substantiation.","EPD environmental product declaration","Qualified service requests","SRV-004","Request This Service","P2","P02 Services","public","true"
"SVC-041","Sustainability Strategy","/services/sustainability-strategy/","Service Detail","Clients (decision makers + technical leads)","Strategy, policies, KPIs and roadmap beyond disclosure.","corporate sustainability strategy","Qualified service requests","SRV-004","Request This Service","P2","P02 Services","public","true"
"SVC-042","Sustainability Reporting","/services/sustainability-reporting/","Service Detail","Clients (decision makers + technical leads)","Stakeholder sustainability reports (GRI-based), distinct from investor ESG disclosure.","sustainability report GRI","Qualified service requests","SRV-004","Request This Service","P2","P02 Services","public","true"
"SVC-043","Sustainable Buildings","/services/sustainable-buildings/","Service Detail","Clients (decision makers + technical leads)","Design-stage environmental performance of buildings.","sustainable building design advisory","Qualified service requests","SRV-004","Request This Service","P2","P02 Services","public","true"
"SVC-044","Green Building Certification","/services/green-building-advisory/","Service Detail","Clients (decision makers + technical leads)","LEED / Mostadam / Envision certification support.","LEED Mostadam certification consultant","Qualified service requests","SRV-004","Request This Service","P2","P02 Services","public","true"
"SVC-045","Solar Energy Advisory","/services/solar-energy/","Service Detail","Clients (decision makers + technical leads)","Technology-neutral solar strategy (PV, thermal) for organisations.","solar energy consultant Saudi Arabia","Qualified service requests","SRV-005","Request This Service","P2","P02 Services","public","true"
"SVC-046","Solar PV Systems","/services/solar-pv/","Service Detail","Clients (decision makers + technical leads)","Rooftop/ground-mount PV technical advisory, design review and owner's engineering.","rooftop solar PV commercial industrial","Qualified service requests","SRV-005","Request This Service","P2","P02 Services","public","true"
"SVC-047","Solar Feasibility Studies","/services/solar-feasibility-studies/","Service Detail","Clients (decision makers + technical leads)","Yield, sizing, grid, financial model and environmental screening.","solar feasibility study","Qualified service requests","SRV-005","Request This Service","P2","P02 Services","public","true"
"SVC-048","Solar Project Development","/services/solar-project-development/","Service Detail","Clients (decision makers + technical leads)","Development support: permitting, EIA, procurement and lender requirements.","solar project development permitting","Qualified service requests","SRV-005","Request This Service","P2","P02 Services","public","true"
"SVC-049","Energy Storage Advisory","/services/energy-storage/","Service Detail","Clients (decision makers + technical leads)","Technology-neutral storage (thermal, electrochemical, hydrogen-ready) evaluation.","energy storage consulting thermal storage","Qualified service requests","SRV-005","Request This Service","P2","P02 Services","public","true"
"SVC-050","Battery Energy Storage Systems","/services/battery-energy-storage/","Service Detail","Clients (decision makers + technical leads)","BESS sizing, safety, environmental and end-of-life planning.","BESS battery energy storage system","Qualified service requests","SRV-005","Request This Service","P2","P02 Services","public","true"
"SVC-051","Energy Efficiency","/services/energy-efficiency/","Service Detail","Clients (decision makers + technical leads)","Efficiency programmes and measures implementation.","industrial energy efficiency consulting","Qualified service requests","SRV-005","Request This Service","P2","P02 Services","public","true"
"SVC-052","Energy Audits","/services/energy-audits/","Service Detail","Clients (decision makers + technical leads)","Measured audits identifying savings with payback analysis.","energy audit Saudi Arabia","Qualified service requests","SRV-005","Request This Service","P2","P02 Services","public","true"
"SVC-053","Energy Management Systems","/services/energy-management/","Service Detail","Clients (decision makers + technical leads)","EnMS (ISO 50001-aligned), metering and KPIs.","ISO 50001 energy management system","Qualified service requests","SRV-005","Request This Service","P2","P02 Services","public","true"
"SVC-054","Renewable Energy Integration","/services/renewable-energy-integration/","Service Detail","Clients (decision makers + technical leads)","Integrating renewables into sites: grid, load, hybrid systems.","renewable energy integration grid industrial","Qualified service requests","SRV-005","Request This Service","P2","P02 Services","public","true"
"SVC-055","Clean Energy Strategy","/services/clean-energy-strategy/","Service Detail","Clients (decision makers + technical leads)","Organisation-level energy transition and procurement strategy.","clean energy transition strategy","Qualified service requests","SRV-005","Request This Service","P2","P02 Services","public","true"
"SVC-056","Waste-to-Energy","/services/waste-to-energy/","Service Detail","Clients (decision makers + technical leads)","WtE feasibility, technology selection and environmental permitting.","waste to energy feasibility Saudi Arabia","Qualified service requests","SRV-005","Request This Service","P2","P02 Services","public","true"
"SVC-057","Industrial Waste Management","/services/industrial-waste/","Service Detail","Clients (decision makers + technical leads)","Process wastes from manufacturing: inventory, routes, compliance.","industrial waste management Saudi Arabia","Qualified service requests","SRV-006","Request This Service","P2","P02 Services","public","true"
"SVC-058","Municipal Solid Waste","/services/municipal-waste/","Service Detail","Clients (decision makers + technical leads)","MSW planning for municipalities, communities and large developments.","municipal solid waste management","Qualified service requests","SRV-006","Request This Service","P2","P02 Services","public","true"
"SVC-059","Hazardous Waste Management","/services/hazardous-waste/","Service Detail","Clients (decision makers + technical leads)","Classification, storage, manifests and licensed hazardous routes.","hazardous waste management MWAN","Qualified service requests","SRV-006","Request This Service","P1","P02 Services","public","true"
"SVC-060","Non-Hazardous Waste Management","/services/non-hazardous-waste/","Service Detail","Clients (decision makers + technical leads)","Commercial/industrial non-hazardous streams and diversion.","non hazardous waste management","Qualified service requests","SRV-006","Request This Service","P2","P02 Services","public","true"
"SVC-061","Construction & Demolition Waste","/services/construction-demolition-waste/","Service Detail","Clients (decision makers + technical leads)","C&D waste plans, segregation, recycling targets on site.","construction and demolition waste management","Qualified service requests","SRV-006","Request This Service","P2","P02 Services","public","true"
"SVC-062","Liquid Waste Management","/services/liquid-waste/","Service Detail","Clients (decision makers + technical leads)","Sludges, oily water and liquid industrial wastes.","liquid waste disposal management","Qualified service requests","SRV-006","Request This Service","P2","P02 Services","public","true"
"SVC-063","Organic Waste Management","/services/organic-waste/","Service Detail","Clients (decision makers + technical leads)","Green/organic streams: composting, AD, soil amendment routes.","organic waste composting anaerobic digestion","Qualified service requests","SRV-006","Request This Service","P2","P02 Services","public","true"
"SVC-064","Food Waste Reduction","/services/food-waste/","Service Detail","Clients (decision makers + technical leads)","Measurement and reduction programmes for F&B, hospitality and retail.","food waste reduction hotels restaurants","Qualified service requests","SRV-006","Request This Service","P2","P02 Services","public","true"
"SVC-065","Healthcare Waste Management","/services/medical-waste/","Service Detail","Clients (decision makers + technical leads)","Healthcare risk waste segregation, storage and treatment compliance.","medical waste management Saudi Arabia","Qualified service requests","SRV-006","Request This Service","P2","P02 Services","public","true"
"SVC-066","Waste Transportation Compliance","/services/waste-transportation/","Service Detail","Clients (decision makers + technical leads)","Transporter licensing checks, manifests and chain of custody (advisory/oversight).","licensed waste transportation","Qualified service requests","SRV-006","Request This Service","P2","P02 Services","public","true"
"SVC-067","Waste Treatment Advisory","/services/waste-treatment/","Service Detail","Clients (decision makers + technical leads)","Treatment technology options and facility design review.","waste treatment technology selection","Qualified service requests","SRV-006","Request This Service","P2","P02 Services","public","true"
"SVC-068","Waste Disposal Compliance","/services/waste-disposal/","Service Detail","Clients (decision makers + technical leads)","Disposal route verification and landfill/receiver compliance.","waste disposal compliance landfill","Qualified service requests","SRV-006","Request This Service","P2","P02 Services","public","true"
"SVC-069","Waste Tracking","/services/waste-tracking/","Service Detail","Clients (decision makers + technical leads)","Digital tracking, manifests and reporting across sites.","waste tracking system manifest","Qualified service requests","SRV-006","Request This Service","P2","P02 Services","public","true"
"SVC-070","Waste Audits","/services/waste-auditing/","Service Detail","Clients (decision makers + technical leads)","Waste composition and generation audits.","waste audit composition study","Qualified service requests","SRV-006","Request This Service","P2","P02 Services","public","true"
"SVC-071","Waste Minimisation","/services/waste-minimization/","Service Detail","Clients (decision makers + technical leads)","Source reduction programmes and targets.","waste minimization program","Qualified service requests","SRV-006","Request This Service","P2","P02 Services","public","true"
"SVC-072","Circular Economy Strategy","/services/circular-economy-strategy/","Service Detail","Clients (decision makers + technical leads)","Organisation-wide circular strategy and roadmap.","circular economy strategy","Qualified service requests","SRV-007","Request This Service","P2","P02 Services","public","true"
"SVC-073","Resource Recovery","/services/resource-recovery/","Service Detail","Clients (decision makers + technical leads)","Recovering energy, water and nutrients from waste streams.","resource recovery energy water nutrients","Qualified service requests","SRV-007","Request This Service","P2","P02 Services","public","true"
"SVC-074","Material Recovery Facilities","/services/material-recovery/","Service Detail","Clients (decision makers + technical leads)","MRF feasibility, design review and offtake.","material recovery facility MRF feasibility","Qualified service requests","SRV-007","Request This Service","P2","P02 Services","public","true"
"SVC-075","Recycling Programmes","/services/recycling/","Service Detail","Clients (decision makers + technical leads)","Recycling schemes, contractors and performance tracking.","recycling program companies","Qualified service requests","SRV-007","Request This Service","P2","P02 Services","public","true"
"SVC-076","Waste Valorisation & Waste-to-Value","/services/waste-valorization/","Service Detail","Clients (decision makers + technical leads)","Turning residues and by-products into saleable products.","waste valorization by-products","Qualified service requests","SRV-007","Request This Service","P2","P02 Services","public","true"
"SVC-077","Industrial Symbiosis","/services/industrial-symbiosis/","Service Detail","Clients (decision makers + technical leads)","Matching wastes/by-products between facilities in industrial cities.","industrial symbiosis industrial city","Qualified service requests","SRV-007","Request This Service","P2","P02 Services","public","true"
"SVC-078","Reuse & Upcycling","/services/reuse-upcycling/","Service Detail","Clients (decision makers + technical leads)","Keeping products/materials in use at higher value.","reuse and upcycling programs","Qualified service requests","SRV-007","Request This Service","P2","P02 Services","public","true"
"SVC-079","Circular Manufacturing","/services/circular-manufacturing/","Service Detail","Clients (decision makers + technical leads)","Design for circularity, remanufacturing and take-back.","circular manufacturing design for disassembly","Qualified service requests","SRV-007","Request This Service","P2","P02 Services","public","true"
"SVC-080","Circular Supply Chains","/services/circular-supply-chain/","Service Detail","Clients (decision makers + technical leads)","Circular procurement and reverse logistics.","circular supply chain procurement","Qualified service requests","SRV-007","Request This Service","P2","P02 Services","public","true"
"SVC-081","Water Audits","/services/water-audits/","Service Detail","Clients (decision makers + technical leads)","Measured water balance and loss identification.","water audit facility","Qualified service requests","SRV-008","Request This Service","P2","P02 Services","public","true"
"SVC-082","Water Efficiency Programmes","/services/water-efficiency/","Service Detail","Clients (decision makers + technical leads)","Implementing and tracking water-saving measures.","water efficiency program industrial commercial","Qualified service requests","SRV-008","Request This Service","P2","P02 Services","public","true"
"SVC-083","Wastewater Management","/services/wastewater-management/","Service Detail","Clients (decision makers + technical leads)","Discharge compliance, pretreatment and operations.","industrial wastewater management compliance","Qualified service requests","SRV-008","Request This Service","P2","P02 Services","public","true"
"SVC-084","Wastewater Treatment Advisory","/services/wastewater-treatment-advisory/","Service Detail","Clients (decision makers + technical leads)","Technology selection, design review and performance troubleshooting.","wastewater treatment plant design review","Qualified service requests","SRV-008","Request This Service","P2","P02 Services","public","true"
"SVC-085","Water Reuse","/services/water-reuse/","Service Detail","Clients (decision makers + technical leads)","TSE reuse schemes: quality, permitting, end uses.","treated wastewater reuse Saudi Arabia","Qualified service requests","SRV-008","Request This Service","P2","P02 Services","public","true"
"SVC-086","Industrial Water Solutions","/services/industrial-water-solutions/","Service Detail","Clients (decision makers + technical leads)","Process water, cooling water and zero-liquid-discharge options.","industrial water treatment solutions","Qualified service requests","SRV-008","Request This Service","P2","P02 Services","public","true"
"SVC-087","Water Risk Assessment","/services/water-risk-assessment/","Service Detail","Clients (decision makers + technical leads)","Site and portfolio water-stress and supply risk.","water risk assessment water stress","Qualified service requests","SRV-008","Request This Service","P2","P02 Services","public","true"
"SVC-088","Water Footprint","/services/water-footprint/","Service Detail","Clients (decision makers + technical leads)","Product/organisation water footprint (ISO 14046).","water footprint assessment ISO 14046","Qualified service requests","SRV-008","Request This Service","P2","P02 Services","public","true"
"SVC-089","Desalination Advisory","/services/desalination-advisory/","Service Detail","Clients (decision makers + technical leads)","Environmental aspects of desalination: brine, intake, energy.","desalination brine environmental","Qualified service requests","SRV-008","Request This Service","P2","P02 Services","public","true"
"SVC-090","Resource Efficiency","/services/resource-efficiency/","Service Detail","Clients (decision makers + technical leads)","Cleaner production across materials, energy and water.","resource efficiency cleaner production","Qualified service requests","SRV-008","Request This Service","P2","P02 Services","public","true"
"SVC-091","Technology Assessment","/services/technology-assessment/","Service Detail","Clients (decision makers + technical leads)","Independent assessment of a technology's claims, fit and risks.","environmental technology assessment","Qualified service requests","SRV-009","Request This Service","P1","P02 Services","public","true"
"SVC-092","Technology Validation","/services/technology-validation/","Service Detail","Clients (decision makers + technical leads)","Test protocols and verification of performance claims.","environmental technology verification testing","Qualified service requests","SRV-009","Request This Service","P2","P02 Services","public","true"
"SVC-093","Environmental Technology Selection","/services/environmental-technology-selection/","Service Detail","Clients (decision makers + technical leads)","Comparing vendor technologies for a defined problem (buyer-side).","environmental technology selection","Qualified service requests","SRV-009","Request This Service","P2","P02 Services","public","true"
"SVC-094","Pilot Development","/services/pilot-development/","Service Detail","Clients (decision makers + technical leads)","Designing pilots: objectives, KPIs, site, protocol.","pilot project design environmental technology","Qualified service requests","SRV-009","Request This Service","P1","P02 Services","public","true"
"SVC-095","Pilot Management","/services/pilot-management/","Service Detail","Clients (decision makers + technical leads)","Running pilots: monitoring, data, independent reporting.","pilot project management","Qualified service requests","SRV-009","Request This Service","P2","P02 Services","public","true"
"SVC-096","Technology Commercialisation","/services/technology-commercialization/","Service Detail","Clients (decision makers + technical leads)","Market entry, business model and partner strategy for technologies.","technology commercialization environmental","Qualified service requests","SRV-009","Request This Service","P1","P02 Services","public","true"
"SVC-097","Corporate Environmental Innovation","/services/environmental-innovation/","Service Detail","Clients (decision makers + technical leads)","Open-innovation programmes that source solutions for corporate challenges.","corporate open innovation environmental challenges","Qualified service requests","SRV-009","Request This Service","P2","P02 Services","public","true"
"SVC-098","Research Commercialisation","/services/research-commercialization/","Service Detail","Clients (decision makers + technical leads)","Taking university/lab research to a validated business case.","research commercialization university technology transfer","Qualified service requests","SRV-009","Request This Service","P2","P02 Services","public","true"
"INN-001","Environmental Innovation Platform","/innovation/","Hub","Researchers, technology providers, corporates, investors","From Research to Real-World Impact — how Selorin identifies, validates, develops and commercialises technologies","environmental innovation platform technology commercialization","Solution submissions, challenges, investor interest","PUB-001","Submit a Solution · Explore Solutions","P1","P04 Innovation","public","true"
"INN-002","How It Works","/innovation/how-it-works/","Content","Researchers, technology providers","Pipeline: research → validation → pilot → commercialisation → investment → deployment","how environmental technology commercialization works","Qualified submissions","INN-001","Explore Solutions","P1","P04 Innovation","public","true"
"INN-003","TRL Framework","/innovation/trl-framework/","Content","Researchers, technology providers","TRL 1–9 explained with evidence required and next stage","technology readiness level TRL environmental","Qualified submissions","INN-001","Submit a Solution","P1","P04 Innovation","public","true"
"INN-004","Assessment Framework","/innovation/assessment-framework/","Content","Researchers, technology providers","10-criteria, 100-point assessment and validation gates","environmental technology assessment criteria","Qualified submissions","INN-001","Submit a Solution","P1","P04 Innovation","public","true"
"INN-005","Submission Guidelines","/innovation/submission-guidelines/","Content","Researchers, technology providers","Eligibility, required evidence, documents, timeline","submit environmental technology","Qualified submissions","INN-001","Submit a Solution","P1","P04 Innovation","public","true"
"INN-006","Confidentiality & IP Protection","/innovation/confidentiality-ip/","Content","Researchers, technology providers","How submissions, IP and data are protected; NDA model","technology submission confidentiality IP","Qualified submissions","INN-001","Submit a Solution","P1","P04 Innovation","public","true"
"INN-007","Pilot Programme","/innovation/pilots/","Content","Researchers, technology providers","How pilots are designed, hosted, monitored and reported","environmental technology pilot programme","Qualified submissions","INN-001","Host a Pilot · Submit a Solution","P2","P04 Innovation","public","true"
"INN-008","For Researchers & Universities","/researchers/","Content","Researchers, technology providers","Value proposition and journey for researchers (entry to Researcher Platform)","commercialize environmental research Saudi Arabia","Qualified submissions","INN-001","Submit a Solution · Create Researcher Account","P1","P04 Innovation","public","true"
"INN-009","Submit Environmental Solution","/innovation/submit-solution/","Form","Researchers, universities, technology providers","12-step submission (account created at step 1; drafts saved): profile, problem, solution, evidence, TRL, prototype, performance, feasibility, market, IP, investment need, documents","submit environmental solution","Solution pipeline","INN-001","Submit Solution","P1","P04 Innovation","public","true"
"INN-010","Submission Received","/innovation/submit-solution/received/","Confirmation","Submitters","Reference number, screening timeline, next steps","—","Reassurance","INN-009","Go to My Solutions","P1","P04 Innovation","auth","false"
"INN-011","Solutions Directory","/innovation/solutions/","Directory","Corporates, investors, partners","Search + filters (sector, TRL, country, technology type, impact, validation status, commercial stage); public-tier data only","environmental technology solutions directory","Demand for validated solutions","INN-001","Explore Solutions · Submit a Challenge","P1","P04 Innovation","public","true"
"INN-012","Solution Profile (template)","/innovation/solutions/[slug]/","Detail Template","Corporates, investors","Public profile: problem, benefit, TRL + evidence + next stage, validation status; confidential tiers gated by verification/NDA","per solution","Introductions, pilots, investment interest","INN-011","Request Introduction · Request Due Diligence","P1","P04 Innovation","public","true"
"RES-001","Auth — Sign In","/app/login/","Auth","All platform users","Email + password / magic link; MFA for privileged roles","—","Secure access (shared by all platforms)","PUB-001","—","P1","P05 Researcher","public","false"
"RES-002","Auth — Create Account","/app/register/","Auth","All platform users","Role selection: researcher, university, technology provider, corporate, investor","—","Secure access (shared by all platforms)","PUB-001","—","P1","P05 Researcher","public","false"
"RES-003","Auth — Verify Email","/app/verify/","Auth","All platform users","Email verification","—","Secure access (shared by all platforms)","PUB-001","—","P1","P05 Researcher","public","false"
"RES-004","Auth — Forgot Password","/app/forgot-password/","Auth","All platform users","Password reset request","—","Secure access (shared by all platforms)","PUB-001","—","P1","P05 Researcher","public","false"
"RES-005","Auth — Reset Password","/app/reset-password/","Auth","All platform users","Set new password","—","Secure access (shared by all platforms)","PUB-001","—","P1","P05 Researcher","public","false"
"RES-006","Auth — Onboarding","/app/onboarding/","Auth","All platform users","Role-specific profile completion and verification documents","—","Secure access (shared by all platforms)","PUB-001","—","P1","P05 Researcher","public","false"
"RES-007","Auth — Access Denied","/app/403/","Auth","All platform users","Explains missing permission / pending verification","—","Secure access (shared by all platforms)","PUB-001","—","P1","P05 Researcher","public","false"
"RES-008","Researcher Dashboard","/app/researcher/","Dashboard","Researcher / university / technology provider","Solutions with status, TRL (current, evidence, next stage), tasks, review requests, meetings","—","Engagement and progression","RES-001","Submit a Solution","P1","P05 Researcher","researcher","false"
"RES-009","Researcher — Profile","/app/researcher/profile/","Settings","Researcher / university / technology provider","Researcher/institution profile, expertise, verification status","—","Move solutions through validation","RES-008","—","P1","P05 Researcher","researcher","false"
"RES-010","Researcher — My Solutions","/app/researcher/solutions/","App List","Researcher / university / technology provider","List of submissions with status and TRL","—","Move solutions through validation","RES-008","—","P1","P05 Researcher","researcher","false"
"RES-011","Researcher — Solution Detail","/app/researcher/solutions/[id]/","App Detail","Researcher / university / technology provider","Full record, TRL panel, assessment summary shared with submitter, history","—","Move solutions through validation","RES-008","—","P1","P05 Researcher","researcher","false"
"RES-012","Researcher — Edit Solution","/app/researcher/solutions/[id]/edit/","Form","Researcher / university / technology provider","Edit drafts / respond to more-information requests","—","Move solutions through validation","RES-008","—","P1","P05 Researcher","researcher","false"
"RES-013","Researcher — Submission Status","/app/researcher/solutions/[id]/status/","App Detail","Researcher / university / technology provider","Stage timeline through validation gates with required evidence","—","Move solutions through validation","RES-008","—","P1","P05 Researcher","researcher","false"
"RES-014","Researcher — Review Requests","/app/researcher/reviews/","App List","Researcher / university / technology provider","Questions and evidence requests from reviewers","—","Move solutions through validation","RES-008","—","P1","P05 Researcher","researcher","false"
"RES-015","Researcher — Documents","/app/researcher/documents/","App List","Researcher / university / technology provider","Secure document library with access log","—","Move solutions through validation","RES-008","—","P1","P05 Researcher","researcher","false"
"RES-016","Researcher — Messages","/app/researcher/messages/","Workspace","Researcher / university / technology provider","Threaded messaging with Selorin team","—","Move solutions through validation","RES-008","—","P2","P05 Researcher","researcher","false"
"RES-017","Researcher — Meetings","/app/researcher/meetings/","App List","Researcher / university / technology provider","Meeting requests and schedule","—","Move solutions through validation","RES-008","—","P2","P05 Researcher","researcher","false"
"RES-018","Researcher — Pilot","/app/researcher/pilot/","Workspace","Researcher / university / technology provider","Pilot plan, KPIs, monitoring data, reports","—","Move solutions through validation","RES-008","—","P2","P05 Researcher","researcher","false"
"RES-019","Researcher — Commercialisation","/app/researcher/commercialization/","Workspace","Researcher / university / technology provider","Commercialisation plan, investor interest (anonymised), next steps","—","Move solutions through validation","RES-008","—","P2","P05 Researcher","researcher","false"
"RES-020","Researcher — Notifications","/app/researcher/notifications/","App List","Researcher / university / technology provider","Status changes and requests","—","Move solutions through validation","RES-008","—","P2","P05 Researcher","researcher","false"
"RES-021","Researcher — Account Settings","/app/researcher/settings/","Settings","Researcher / university / technology provider","Security, MFA, notification preferences","—","Move solutions through validation","RES-008","—","P2","P05 Researcher","researcher","false"
"INV-001","Investors — Overview","/investors/","Hub","Investors (VC, corporate venture, family offices, funds)","Access to validated environmental technology opportunities","environmental technology investment opportunities Saudi Arabia","Investor registrations","PUB-001","Become an Investor · Explore Investment Opportunities","P1","P06 Investor","public","true"
"INV-002","Investors — Why Invest","/investors/why-invest/","Content","Investors","Thesis: market drivers, validation-first pipeline, risk reduction","why invest in environmental technology","Investor acquisition","INV-001","Become an Investor","P1","P06 Investor","public","true"
"INV-003","Investors — Investment Process","/investors/investment-process/","Content","Investors","Registration → verification → matching → NDA → due diligence → committee → deal","environmental technology investment process","Investor acquisition","INV-001","Become an Investor","P1","P06 Investor","public","true"
"INV-004","Investors — Investment Opportunities","/investors/opportunities/","Listing","Investors","Public teasers of investment candidates (no confidential data)","environmental investment opportunities","Investor acquisition","INV-001","Request Investment Memorandum","P1","P06 Investor","public","true"
"INV-005","Investors — Opportunity Teaser (template)","/investors/opportunities/[slug]/","Detail Template","Investors","Public-tier summary; full template behind verification + NDA","per opportunity","Investor acquisition","INV-001","Request Investment Memorandum · Request Meeting","P1","P06 Investor","public","true"
"INV-006","Investors — Strategic Partnerships","/investors/strategic-partnerships/","Content","Investors","Co-investment, corporate venture and strategic partner models","strategic partnerships environmental investment","Investor acquisition","INV-001","Partner With Us","P1","P06 Investor","public","true"
"INV-007","Investor Registration & Qualification","/investors/register/","Form","Investors","Capacity, sectors, geography, risk profile, technology stage, horizon, strategic interests (feeds matching)","register as environmental investor","Verified investor pipeline","INV-001","Submit Registration","P1","P06 Investor","public","true"
"INV-008","Investor Registration — Received","/investors/register/received/","Confirmation","Investors","Verification steps and timeline","—","Reassurance","INV-007","—","P1","P06 Investor","public","false"
"INV-009","Investor Dashboard","/app/investor/","Dashboard","Verified investors","Matches, saved, NDA status, due diligence, meetings","—","Deal flow engagement","RES-001","Explore Recommended Opportunities","P1","P06 Investor","investor","false"
"INV-010","Investor — Recommended Opportunities","/app/investor/recommended/","App List","Verified investors","Matching engine results (investor profile ↔ opportunity)","—","Diligence-backed deal flow","INV-009","—","P1","P06 Investor","investor","false"
"INV-011","Investor — All Opportunities","/app/investor/opportunities/","App List","Verified investors","Browse investment candidates with filters","—","Diligence-backed deal flow","INV-009","—","P1","P06 Investor","investor","false"
"INV-012","Investor — Investment Opportunity (full template)","/app/investor/opportunities/[id]/","App Detail","Verified investors","Overview, problem, solution, technology, TRL, validation, pilot results, market, competition, impact, CAPEX/OPEX, revenue model, ask, use of funds, IP, regulatory, risks, plan, structure, partners","—","Diligence-backed deal flow","INV-009","Request Investment Memorandum · Request Due Diligence · Request Meeting","P1","P06 Investor","investor+nda","false"
"INV-013","Investor — Saved Opportunities","/app/investor/saved/","App List","Verified investors","Watchlist","—","Diligence-backed deal flow","INV-009","—","P2","P06 Investor","investor","false"
"INV-014","Investor — Due Diligence","/app/investor/due-diligence/","App List","Verified investors","DD requests and status per opportunity","—","Diligence-backed deal flow","INV-009","—","P1","P06 Investor","investor","false"
"INV-015","Investor — Data Room","/app/investor/due-diligence/[id]/","Workspace","Verified investors","Opportunity data room (watermarked, access-logged)","—","Diligence-backed deal flow","INV-009","—","P1","P06 Investor","investor+nda","false"
"INV-016","Investor — Documents","/app/investor/documents/","App List","Verified investors","Memoranda, reports, signed documents","—","Diligence-backed deal flow","INV-009","—","P2","P06 Investor","investor","false"
"INV-017","Investor — NDAs","/app/investor/ndas/","App List","Verified investors","NDA requests, signing, status","—","Diligence-backed deal flow","INV-009","—","P1","P06 Investor","investor","false"
"INV-018","Investor — Meetings","/app/investor/meetings/","App List","Verified investors","Meeting requests and schedule","—","Diligence-backed deal flow","INV-009","—","P2","P06 Investor","investor","false"
"INV-019","Investor — Portfolio","/app/investor/portfolio/","App List","Verified investors","Opportunities progressed to investment and their milestones","—","Diligence-backed deal flow","INV-009","—","P2","P06 Investor","investor","false"
"INV-020","Investor — Messages","/app/investor/messages/","Workspace","Verified investors","Threaded messaging","—","Diligence-backed deal flow","INV-009","—","P2","P06 Investor","investor","false"
"INV-021","Investor — Notifications","/app/investor/notifications/","App List","Verified investors","New matches, NDA approvals, DD updates","—","Diligence-backed deal flow","INV-009","—","P2","P06 Investor","investor","false"
"INV-022","Investor — Investor Profile & Preferences","/app/investor/profile/","Settings","Verified investors","Qualification data and matching preferences","—","Diligence-backed deal flow","INV-009","—","P1","P06 Investor","investor","false"
"INV-023","Investor — Account Settings","/app/investor/settings/","Settings","Verified investors","Security, MFA, notifications","—","Diligence-backed deal flow","INV-009","—","P2","P06 Investor","investor","false"
"COR-001","Environmental Challenges","/challenges/","Hub","Corporates, government entities","Submit an environmental problem; challenge → matching → assessment → proposal → pilot → deployment","corporate environmental challenge open innovation","Corporate challenges (demand side)","PUB-001","Submit a Challenge","P1","P07 Corporate","public","true"
"COR-002","Submit an Environmental Challenge","/challenges/submit/","Form","Corporates","Problem, current situation, baseline, environmental & economic impact, outcome, budget, timeline, location, technical & regulatory requirements, documents","submit environmental challenge","Challenge pipeline","COR-001","Submit Challenge","P1","P07 Corporate","public","true"
"COR-003","Challenge Received","/challenges/submit/received/","Confirmation","Corporates","Reference number, scoping call, next steps","—","Reassurance","COR-002","—","P1","P07 Corporate","public","false"
"COR-004","Open Challenges","/challenges/open/","Listing","Researchers, technology providers","Anonymised published challenges seeking solutions","environmental innovation challenges open call","Supply of solutions for corporate demand","COR-001","Respond With a Solution","P2","P07 Corporate","public","true"
"COR-005","Challenge Brief (template)","/challenges/open/[slug]/","Detail Template","Researchers, technology providers","Anonymised brief, requirements, evaluation criteria, deadline","per challenge","Solution responses","COR-004","Respond With a Solution","P2","P07 Corporate","public","true"
"COR-006","Corporate Dashboard","/app/corporate/","Dashboard","Corporate clients","Challenges, matches, proposals, pilots, project status","—","Account engagement → pilots → deployments","RES-001","Submit a Challenge","P1","P07 Corporate","corporate","false"
"COR-007","Corporate — My Challenges","/app/corporate/challenges/","App List","Corporate clients","Submitted challenges and stage","—","Challenge-to-deployment conversion","COR-006","—","P1","P07 Corporate","corporate","false"
"COR-008","Corporate — Challenge Detail","/app/corporate/challenges/[id]/","App Detail","Corporate clients","Pipeline: scoping → matching → assessment → proposal → pilot → deployment","—","Challenge-to-deployment conversion","COR-006","—","P1","P07 Corporate","corporate","false"
"COR-009","Corporate — Recommended Solutions","/app/corporate/solutions/","App List","Corporate clients","Matched solutions (tier-appropriate data)","—","Challenge-to-deployment conversion","COR-006","—","P1","P07 Corporate","corporate","false"
"COR-010","Corporate — Technical Proposals","/app/corporate/proposals/","App List","Corporate clients","Proposals received","—","Challenge-to-deployment conversion","COR-006","—","P1","P07 Corporate","corporate","false"
"COR-011","Corporate — Proposal Detail","/app/corporate/proposals/[id]/","App Detail","Corporate clients","Scope, technology, assessment, cost, schedule; accept/request changes","—","Challenge-to-deployment conversion","COR-006","—","P1","P07 Corporate","corporate","false"
"COR-012","Corporate — Pilot Projects","/app/corporate/pilots/","Workspace","Corporate clients","Pilot KPIs, monitoring data, reports","—","Challenge-to-deployment conversion","COR-006","—","P1","P07 Corporate","corporate","false"
"COR-013","Corporate — Consultants","/app/corporate/consultants/","App List","Corporate clients","Assigned Selorin team and contacts","—","Challenge-to-deployment conversion","COR-006","—","P2","P07 Corporate","corporate","false"
"COR-014","Corporate — Reports","/app/corporate/reports/","App List","Corporate clients","Deliverable reports","—","Challenge-to-deployment conversion","COR-006","—","P2","P07 Corporate","corporate","false"
"COR-015","Corporate — Documents","/app/corporate/documents/","App List","Corporate clients","Secure documents","—","Challenge-to-deployment conversion","COR-006","—","P2","P07 Corporate","corporate","false"
"COR-016","Corporate — Project Status","/app/corporate/projects/","App List","Corporate clients","Active engagements, milestones","—","Challenge-to-deployment conversion","COR-006","—","P2","P07 Corporate","corporate","false"
"COR-017","Corporate — Messages","/app/corporate/messages/","Workspace","Corporate clients","Threaded messaging","—","Challenge-to-deployment conversion","COR-006","—","P2","P07 Corporate","corporate","false"
"COR-018","Corporate — Notifications","/app/corporate/notifications/","App List","Corporate clients","Updates","—","Challenge-to-deployment conversion","COR-006","—","P2","P07 Corporate","corporate","false"
"COR-019","Corporate — Account Settings","/app/corporate/settings/","Settings","Corporate clients","Team members, security, notifications","—","Challenge-to-deployment conversion","COR-006","—","P2","P07 Corporate","corporate","false"
"KNW-001","Knowledge Centre","/knowledge/","Hub","All audiences","Research, reports, white papers, insights, technology reviews, market intelligence, regulatory updates, news","environmental knowledge centre Saudi Arabia","Organic traffic, authority, AI-search citations","PUB-001","Talk to an Expert","P1","P09 SEO + Content","public","true"
"KNW-002","Knowledge — Research","/knowledge/research/","Listing","All audiences","Research listing with filters (topic, sector, service)","environmental research Saudi Arabia","Topical authority","KNW-001","Talk to an Expert","P2","P09 SEO + Content","public","true"
"KNW-003","Research (template)","/knowledge/research/[slug]/","Detail Template","All audiences","Research summary: question, method, findings, limitations, citation","per item","Topical authority + service/solution leads","KNW-002","Related service / solution CTA","P2","P09 SEO + Content","public","true"
"KNW-004","Knowledge — Reports","/knowledge/reports/","Listing","All audiences","Reports listing with filters (topic, sector, service)","environmental reports Saudi Arabia","Topical authority","KNW-001","Talk to an Expert","P2","P09 SEO + Content","public","true"
"KNW-005","Reports (template)","/knowledge/reports/[slug]/","Detail Template","All audiences","Report: executive summary, key findings, downloadable PDF (gated optional)","per item","Topical authority + service/solution leads","KNW-004","Related service / solution CTA","P2","P09 SEO + Content","public","true"
"KNW-006","Knowledge — White Papers","/knowledge/white-papers/","Listing","All audiences","White Papers listing with filters (topic, sector, service)","environmental white papers Saudi Arabia","Topical authority","KNW-001","Talk to an Expert","P2","P09 SEO + Content","public","true"
"KNW-007","White Papers (template)","/knowledge/white-papers/[slug]/","Detail Template","All audiences","White paper: problem, analysis, recommendations, PDF","per item","Topical authority + service/solution leads","KNW-006","Related service / solution CTA","P2","P09 SEO + Content","public","true"
"KNW-008","Knowledge — Insights","/knowledge/insights/","Listing","All audiences","Insights listing with filters (topic, sector, service)","environmental insights Saudi Arabia","Topical authority","KNW-001","Talk to an Expert","P1","P09 SEO + Content","public","true"
"KNW-009","Insights (template)","/knowledge/insights/[slug]/","Detail Template","All audiences","Article: answer-first summary, takeaways, FAQ, related services","per item","Topical authority + service/solution leads","KNW-008","Related service / solution CTA","P1","P09 SEO + Content","public","true"
"KNW-010","Knowledge — Technology Reviews","/knowledge/technology-reviews/","Listing","All audiences","Technology Reviews listing with filters (topic, sector, service)","environmental technology reviews Saudi Arabia","Topical authority","KNW-001","Talk to an Expert","P1","P09 SEO + Content","public","true"
"KNW-011","Technology Reviews (template)","/knowledge/technology-reviews/[slug]/","Detail Template","All audiences","Review: technology, TRL, evidence, performance, fit, limits","per item","Topical authority + service/solution leads","KNW-010","Related service / solution CTA","P1","P09 SEO + Content","public","true"
"KNW-012","Knowledge — Market Intelligence","/knowledge/market-intelligence/","Listing","All audiences","Market Intelligence listing with filters (topic, sector, service)","environmental market intelligence Saudi Arabia","Topical authority","KNW-001","Talk to an Expert","P2","P09 SEO + Content","public","true"
"KNW-013","Market Intelligence (template)","/knowledge/market-intelligence/[slug]/","Detail Template","All audiences","Brief: market size drivers, regulation, opportunities, sources","per item","Topical authority + service/solution leads","KNW-012","Related service / solution CTA","P2","P09 SEO + Content","public","true"
"KNW-014","Knowledge — Regulatory Updates","/knowledge/regulatory-updates/","Listing","All audiences","Regulatory Updates listing with filters (topic, sector, service)","environmental regulatory updates Saudi Arabia","Topical authority","KNW-001","Talk to an Expert","P1","P09 SEO + Content","public","true"
"KNW-015","Regulatory Updates (template)","/knowledge/regulatory-updates/[slug]/","Detail Template","All audiences","Update: what changed, who is affected, effective date, actions","per item","Topical authority + service/solution leads","KNW-014","Related service / solution CTA","P1","P09 SEO + Content","public","true"
"KNW-016","Knowledge — News","/knowledge/news/","Listing","All audiences","News listing with filters (topic, sector, service)","environmental news Saudi Arabia","Topical authority","KNW-001","Talk to an Expert","P2","P09 SEO + Content","public","true"
"KNW-017","News (template)","/knowledge/news/[slug]/","Detail Template","All audiences","News: dateline, announcement, quote, contact","per item","Topical authority + service/solution leads","KNW-016","Related service / solution CTA","P2","P09 SEO + Content","public","true"
"KNW-018","Author Profile (template)","/knowledge/authors/[slug]/","Detail Template","All audiences","Author credentials and articles (E-E-A-T)","per author","Trust","KNW-001","—","P2","P09 SEO + Content","public","true"
"ADM-001","Admin Dashboard","/app/admin/","Dashboard","Administrators","Pipeline KPIs, queues, alerts","—","Operational control","RES-001","—","P1","P08 Admin","admin","false"
"ADM-002","Admin — Users","/app/admin/users/","App List","Administrators","All users, roles, status","—","Governed pipeline operations","ADM-001","—","P1","P08 Admin","admin","false"
"ADM-003","Admin — User Detail","/app/admin/users/[id]/","App Detail","Administrators","Profile, roles, verification, activity","—","Governed pipeline operations","ADM-001","—","P1","P08 Admin","admin","false"
"ADM-004","Admin — Researchers & Providers","/app/admin/researchers/","App List","Administrators","Verification queue and profiles","—","Governed pipeline operations","ADM-001","—","P1","P08 Admin","admin","false"
"ADM-005","Admin — Investors","/app/admin/investors/","App List","Administrators","Qualification and verification (KYC) queue","—","Governed pipeline operations","ADM-001","—","P1","P08 Admin","admin","false"
"ADM-006","Admin — Corporates","/app/admin/corporates/","App List","Administrators","Corporate accounts","—","Governed pipeline operations","ADM-001","—","P1","P08 Admin","admin","false"
"ADM-007","Admin — Solutions","/app/admin/solutions/","App List","Administrators","Pipeline board by status","—","Governed pipeline operations","ADM-001","—","P1","P08 Admin","admin","false"
"ADM-008","Admin — Solution Review","/app/admin/solutions/[id]/","Workspace","Administrators","Screening, reviewer assignment, gate decisions, TRL verification","—","Governed pipeline operations","ADM-001","—","P1","P08 Admin","admin","false"
"ADM-009","Admin — Challenges","/app/admin/challenges/","App List","Administrators","Challenge queue","—","Governed pipeline operations","ADM-001","—","P1","P08 Admin","admin","false"
"ADM-010","Admin — Challenge Matching","/app/admin/challenges/[id]/","Workspace","Administrators","Scoping, matching solutions, proposal preparation","—","Governed pipeline operations","ADM-001","—","P1","P08 Admin","admin","false"
"ADM-011","Admin — Reviews","/app/admin/reviews/","App List","Administrators","Reviewer assignments, SLAs, conflicts of interest","—","Governed pipeline operations","ADM-001","—","P1","P08 Admin","admin","false"
"ADM-012","Admin — Technology Assessments","/app/admin/assessments/","App List","Administrators","Scores (100-point), criteria breakdown, history","—","Governed pipeline operations","ADM-001","—","P1","P08 Admin","admin","false"
"ADM-013","Admin — Investment Opportunities","/app/admin/opportunities/","App List","Administrators","Opportunity records and publication tiers","—","Governed pipeline operations","ADM-001","—","P1","P08 Admin","admin","false"
"ADM-014","Admin — Opportunity Editor","/app/admin/opportunities/[id]/","Workspace","Administrators","Full template editor, disclosure tiers, data room","—","Governed pipeline operations","ADM-001","—","P1","P08 Admin","admin","false"
"ADM-015","Admin — Documents","/app/admin/documents/","App List","Administrators","All documents, classifications, access","—","Governed pipeline operations","ADM-001","—","P1","P08 Admin","admin","false"
"ADM-016","Admin — NDAs","/app/admin/ndas/","App List","Administrators","NDA templates, requests, signatures","—","Governed pipeline operations","ADM-001","—","P1","P08 Admin","admin","false"
"ADM-017","Admin — Pilots","/app/admin/pilots/","App List","Administrators","Pilot portfolio","—","Governed pipeline operations","ADM-001","—","P2","P08 Admin","admin","false"
"ADM-018","Admin — Projects & Case Studies","/app/admin/projects/","App List","Administrators","Projects/case studies publication","—","Governed pipeline operations","ADM-001","—","P2","P08 Admin","admin","false"
"ADM-019","Admin — Service Requests","/app/admin/service-requests/","App List","Administrators","Leads from service request forms (Sales/BD)","—","Governed pipeline operations","ADM-001","—","P1","P08 Admin","admin","false"
"ADM-020","Admin — Content","/app/admin/content/","App List","Administrators","Link-out to headless CMS + publishing status","—","Governed pipeline operations","ADM-001","—","P2","P08 Admin","admin","false"
"ADM-021","Admin — Analytics","/app/admin/analytics/","Dashboard","Administrators","Funnel and conversion analytics","—","Governed pipeline operations","ADM-001","—","P2","P08 Admin","admin","false"
"ADM-022","Admin — Notifications","/app/admin/notifications/","App List","Administrators","System notifications and templates","—","Governed pipeline operations","ADM-001","—","P2","P08 Admin","admin","false"
"ADM-023","Admin — Audit Log","/app/admin/audit-log/","App List","Administrators","Immutable access and change log","—","Governed pipeline operations","ADM-001","—","P1","P08 Admin","admin","false"
"ADM-024","Admin — Roles & Permissions","/app/admin/roles/","Settings","Super administrators","RBAC matrix (super admin only)","—","Governed pipeline operations","ADM-001","—","P1","P08 Admin","super-admin","false"
"ADM-025","Admin — Settings","/app/admin/settings/","Settings","Super administrators","System settings, integrations (super admin only)","—","Governed pipeline operations","ADM-001","—","P2","P08 Admin","super-admin","false"
"ADM-026","Review Workspace — My Assignments","/app/review/","App List","Scientific / technical / commercial reviewers","Assigned reviews with deadlines and conflict-of-interest declaration","—","Timely, independent reviews","RES-001","—","P1","P08 Admin","reviewer","false"
"ADM-027","Review Workspace — Assessment Form","/app/review/[id]/","Workspace","Reviewers","Score assigned criteria 0–5 with evidence notes; recommendation","—","Structured, auditable scoring","ADM-026","—","P1","P08 Admin","reviewer","false"
"ADM-028","Investment Committee","/app/committee/","Workspace","Investment committee","Candidates for investment gate, scores, evidence, decisions, minutes","—","Governed investment gate","RES-001","—","P1","P08 Admin","committee","false"
